user_id,session_id,credential_file,expected_auth_key
graham,565684d3-4424-4d29-888b-d7bfeaee2085,000667726168616d03803e3f18aec78ebe686884356b0268be5fe5fa330b4b977b168a0ebfa1a5aaedcb59b6a0e9640a88edc5004959248c32074ad06c88ae97cf8b1269464ded464d1aef48093d956d832f251290a8f03afcfa8e0453c35327f03ab5e454286d3326565f40b975de9bea828bfb7c941112243e9da4889eb5c26156907f72a5424662000667726168616d,e126e6fffaed1f1b93c299c6dbf69f233b1a083775b84866ca6ba3e9261bdf8fd0647f4ac695a9c7c6393a9eee613a5860205dccbd6407410bf18a656089fd7f
terrance,8994e955-3726-4582-9078-d793354e4c61,000874657272616e6365024be365165678cab5f6f27fe32bfee738265ee4adc4b0bc1f99af8680700d326502eff3ff7edc990dbe708c3c78313bcc837bc56099833870b5a22b1b9c2f4f8e7f3d155dc2e8ac36e0dba7a677beb0a538e760ef809c14b1abee684792d7dccd5f472a23d36b246303950b401619e07273a570db852097f86208f2c1864fa2da000874657272616e6365,795cfaf69c0254e277dee53615d05f630e07b0b390e1799a73a894c98d81e4bb0c5ca68f42805e781ec48e1ac18ff81749055500b321e7b1a196883111e7c89d
randall,3935861f-679a-4fd6-961e-255611c0b323,000772616e64616c6c02e149dea99cd4b0f220092f9e8b7ca4f2bd15d58aa2725e57eca78747614dec735901e9ee796a973a5bf4afd0f84dad59d0c8281a1879d4c677ca7dfd0d04fcccc9a2c0186ce638929feca99a3f2d3691c9f0369c74a8a84f4c33995c1963bb363a0e8cc95fec1587415f74cb52be39e6c230dadd888ff60340ed0dc1dba6e738000772616e64616c6c,2aa738082050f74fb1e84a10b2f5cf976ae974528bd6b205b85ba302d75729239b1326a489f7f60d3105377b3efc628e410a94c677f8d9beaae26c4c7ecc41d3
lavonne,4233e32b-6091-470e-9cf9-a7a5610e6d81,00076c61766f6e6e6503ca7cc77023a980c83f43f8e006a61ddbc3a83a4386e14dc723616b91946613abf4fab05de0b12c1581e8f8dbd1e9abdf9be7faaadec2e03126998fae9bd05c193fbd46bc8dba0809235782bd032f68532eb6cd453c74339d09d632f9c0ac83c9bbaf899bd9d85ca8c67405c2dfd6428e3c729ab2e618a25c8df090549a1a8a0500076c61766f6e6e65,064807a95beaa92b6757d10294c27a7ab3cff8a85e95cd5328500c70218b1693de22fe7913199d051c49d64193864ab20486f5e70944320a42173ff4ab5fc45e
madaline,6518cbc8-cb98-4400-9f34-9739e94a195b,00086d6164616c696e6502abe3c4e1b08621d15a6ce45a7e4965dd87ab7da2463dc002c24c4a4253a5f0380968c23102053eb216feadd52fb8da51e5155d457e2d5a8c22e9b5ea65b89e49837955a5930caed0b969fac5924b3aefe1fcc2091e15fb55b8ffed6b540b4c73cfd9cfc9b6a8ee54b4bfb7fdb49aa3035d6d44cae7ee8c92720d5f1f86d7fe1800086d6164616c696e65,cb4332bdaed00b424eca0ad08ccab2348fb8beaa78164baf1b7acda8a3423c1248156629cc859091a545b261756090c0bf412b8e28545a414bcdb5644b588a45
lambert,26eac534-66f8-4b9f-a8d4-65585f8474f2,00076c616d626572740257a00f0d9778999e7664c1f3e84d779579436a79b52144040ab00a6b8533abe8555826194e2f01b1a078a347509332986a3a1ede96cd23d388e1aba2e9c42e638a30c2372b9e4de50e19b2a6f3470992ff6182de364129e4736bba2dbf016106e28d5c86fcb2ac83c726291f5470b86f1c14b31a9182db9d6de6d64f3381064d00076c616d62657274,e47f679e3077fb91ad2c54d0a412a35c47543e66691dfb54ef3d52365fd9ac67ad443daeda9bda80e4e23b42e74c48e9f6b0660dbde3356abe6f75e38dfddb24
lexi,88665e58-4b68-4eb5-94a6-5c57994c12fb,00046c657869023f54e18c1179167b4517bbca5dc9789855f63c7f16c2a9736478f4c2de99f404e262b4167f3381c4909c12ce68463f2fb26ad63409f5e2569cff5b5258c6ac606879266544efee771804f9d3f1ee4b82ea35338c56a40dedd7a16b304e31dce8bb597ba4bc139dcc0925f9dc835972f667fde0bc7be0a9099d2bbc727fffd3f800046c657869,12ed10ecb89b99d234229b1018e287bcab4ad245334b8c61d9b441d46fd24ccbb99f0bc500efe04c364009cd555e220f2d7f04052db5d041c6c7729c6e0e9989
rodrigo,c5fe6ac7-f6b2-466a-a51b-0219e9be4e88,0007726f647269676f0270c5ed90392aec5747f0a0af3814dab971f09195c49ed0c47b05bedea3b7fe00f7dd98f58af921c75ac38eaad0e2a6c32213fbb3b0c5961bb9b88d240d588ef079c120a1383307ff25a159880ff197beac9c7fe48a1cb270ba0f1aa234d9933fe63c578a6bdaa06d7a3d9c52ca0f743491a5deb4f90e5b1f0ed5a9b4fd174fa20007726f647269676f,11f3db84df23336aa007ffdcb092493bea95bfe90173239fdb162969a87fd1a941610520bdd8715b31892e17b09b451845515dd5bc765e70adfe1d7003bf9d2c
vicenta,9d9af377-1d78-492d-9856-58de6295f150,0007766963656e746103ed3525f00183d3d1a21e86f0a3cea345a209f39e604d71602ea7ce793c5f880775778deb2a23534a18972fffc19aeec5ff216e4d2cf61187ef4987f8e1d4cd8b41de2fd81d5e2bc4dcd52c87a2a7b72bed4452c5088bca42b4aa007d732af2deb5bde6be30fa0d66da0e668be4765bfe7a184b02aca1b8f7bb2928e757333c0a0007766963656e7461,ef656e2ece3a539228dca97240c85351d832bc1885f2f267a2d27251fa894a667314408218fa4c2869d2f3afde4e027dbd0febc5b6af0367a7fc9b130e6449a2
emilie,3bfe2b76-2205-43e0-b577-e6265b4cd160,0006656d696c696503ef5d9b3bd660995fb47893a49081af463b421524989ed85965a6257ad32cd5f38be2970a670961a41bf767746748861e18d2d94ade6ae066dffdd23dd554ac443855b25a828586053a708e567e135a70d4e41b23c480eb6e50558c96291442ea453b3b54c984c542c4cf3e1366e97216c184d7188f88f735037069e5868eb4880006656d696c6965,22d706a1864bc6ac45141ed1ecfc95b6d3a44232504690a956898983f3be03eb4430887ecdd591335bab6a9ef6090a4a13e484275aecfe9aee20e593c685a5e5
karley,2693b1f2-ca44-4435-a34b-00e8a8ea6fb7,00066b61726c6579025b04086652175d2897308bba56527cea36281650228aa69a227f34e65a60880fdef9a1010bdcbc02a9148ad22bb90b814ffd49e01b1eac3ee52fd381b8e42c9c9e355a982b6ecd22ea540216de28011cdf7c6750dd201a1fdf2c77d30072a0398164826d56b560a4f2ea51cde494d6173d25a9489a06a99eafd8a4627dac576d00066b61726c6579,6a05e83e51e211eadf5c30beb7c49b79bc13ad4bcdd639a50d5e71fd5533f3940f3ce340d0102428acb9445e6ba6e6c685665f9e3474255bcf84965b80752c85
rudolph,bd423844-0ed7-4c56-b188-371a39d86ee0,00077275646f6c7068037906fb6499d3294b8a59a9aefc38aa9f1b677b75208a77921f9730e03911986efa79b7f4870ccd70cb2a62b4980cd3fa231cf902288e0771407db6e0f304592ed174bd7b60eff18dd35597b97111eb27cfdb72c7e2b704a2079ad2a1242803490cec7b128c6fe84da4b79b0817804e442eda6f28ea4231cffca34bb165c998ac00077275646f6c7068,2cb0023e9528777fdc316c7750d12af2905210c2fba446d5100c9f741308fcffeeeccde8ee7dfcef95f470174a25d32d977a43a75490df98cd7f9abae0d456ea
libby,c7e14077-38c4-45cf-8bfd-dd90ba68b891,00056c6962627902efb46f9ec0aedb552ac0abfaef64d7c17ce578887614738df408436253430bf46fe5b38ebe36cf3239a6394da805a197379ceea32798b0affd5db9168a2160ab48d160545eba8af5330d967de9298b8903db16fda79cbaeb301c1e5e9074422131fbabbd60ef498a52225d1a688bb23bd02d59ebe02feed3a403b77611d0eec500056c69626279,ddf80b7edee9a3d4e4b61c89e51461d6fe449d6f3fa8bfe35d274cf3b8f1b49db5253b8a9c89bd4fb261e290f4cb03b19ace5711338c8be54f57d434fe48737c
rafaela,c4dc2e02-df83-4cf5-b4ff-a74a6fe7465c,000772616661656c6103005b2a50ef418e32c555c051d72e6e8c91ed055d318001ba0ac96065a5de3ec61976241adefb680e7e45995a2050c8d4a6416b4fefe8dfc00e54010690551efc703ab0e81c913a2a5a157f262f32f0f539d45c0bf7f7c10c83d2ad5fe658047334f1825d9eac4597822b34cb4b9ef29da9040ded02a155dd394395c5e67ac7b3000772616661656c61,7529adb3663cfe2c58a63c77a0becc9ea54c16c13251be78682272b33a0b96eceb4e896178448d33684421642b20606402393846783a2d6190baec58d55dbe20
maci,e72b82a8-5f73-443c-8b28-d9bb4d9cf014,00046d616369021cbd8c390a8113c47871064e6e0c8737c468c1d9026d0d66deb7819d5292a1b6b60ac784e4b1f12ed4ebb58dce127ba18916bf7168dcd1c9a1b6f7792d206e037be101202d3fe34b7b44a200e15e7d76c7369257ab6d83b6aa8db8162321c0a19ad5845b1cd76bff59d30025a19e56f6785bc923b67a29aeef78ee1ee7b3149600046d616369,2b0426379fed60431a4d115cd09caa09a66dd73b1a53dc6717458d98f202c5c775159c4be9b798c83465af650b671d64a9ee3412d1e3d58d640b2f9556056e37
orin,a215d7c6-66f0-4b37-bc07-e7cc5999eaf7,00046f72696e036d6de21aef9e3c8dabd2671c1967abed81a608442f9da0df8f79e992a41a5217993fd68e96fb34ac184ac5a52ecacad580f04146797da8a87142b601d60b63a21dc0e3616db70baf5d0f618ed75376ca1c6da36137bc1fed4b5ed647913c512892aefefd414979d1cda57c88144c3fd6329f7eab731676b8e4b6e2239450681c00046f72696e,390ceea093c42ea51148b2d284479cdf842e40520a98e7249032dd38fc396d5f64634744aff847ce958c5bb93996fae30a5b62810155569ea4133e6c67186a0f
melyna,4cd983d9-8351-4f51-8fea-034545d80a38,00066d656c796e6103b131c3d6f1a56a56d2b76c0f368a4d1fe350a27c1aedada624354d051b8d831babda1add8c84596e407ae6cba3939c4783848b62156e03ebc45d326617ec47d3cd9a3cc72816e31e5d7a6a70e8f1e80f1e66aedf809b361613465ddaf6022da3d10ecc10dd3fbfacfc86158a7e0ea9215083c98b33cbce14e1e4feb47b1f6fda00066d656c796e61,935c5658bfaefcb9ddfda7675840fedba1876fc33c662a43836e06ba495ddfa630371de62d256424f65202fa48a7acc3c8c4e6581290580bbb852f4aac53c9da
herminia,982d0c8f-f564-45a0-b614-5739c8bdcf21,00086865726d696e69610299f726eda87665c6a9ce29fada480ca4f2d0d4a1c51e34eaaa42a7c84cd88c2274dfefbf3a5b245eff0ef57bf8ab4889cf754f9aaffedcb5b064bab8ac66ea7413647014e45eeef95380bd27e953221b52764057e27469f4a8aa8c4824e470f7738b1d450b7ad914284fe705415a62874d9b0a4f5066193ddfa693d45ed5e39400086865726d696e6961,56b625acb11ea98945e3d1260414dcd7f3299b23f3667e050519cc848a2213b3ac65e9b9e95ce49e504eaff1863a046ce2c70abb29261f72c45c704a16378c09
sebastian,c26bc3ed-ae28-467d-bd3e-b7fca0fe75a2,000973656261737469616e0359297d73f0a35e10da5bca9cad9651bb87659ec771c74ca5fffcba2c02a65b7d4dd8f97f0cdf6491d82875149b9f39ab5a0e018c57c191ffdbf830ce512c26dc2f3fe95354f6134cb2073eaae036942e7ed80980f8045ad1f2eca6ef1f44e412362e9b5b23e63e4323ed6eb849d4ffa85378e0bb7db7021d56eb46d5d8eb4a2d000973656261737469616e,1fccb6c7490cea4673732b3ad1e78238da0087ffda3291c028927a01d2e77a80fdcc12c3080de393e6ebb67c879309de90b29ae69785c3cd20c8f8a1236301be
shannon,d16171aa-a631-483b-9cd0-bb0bcb0d2916,00077368616e6e6f6e02a3271efe972fb777157c2f675be7b3734542d7ae7307e7b28eba41f69fb09b22ec05697a75ae21516e3991ca6ec0cf06f31bbf21dcedc4d6692311977a85b5f7043c35825971e10949dee61a6e426303d60c9831a8f67d40e34acab0054e3305b8e2adae861fa15a16f05f2cfbe9ef9682e49ec72dff4fd00ac398cca388517700077368616e6e6f6e,f6c744c2705e71447cf1f7246cb92bb449949d00ede6fd2256c946da2697becfac12ac32ff44e74254e1439588d82d18367c6e2f647afa7eeeaedbc557af42c9
noelia,a6c3b3e2-693e-402a-8273-9367be285f5f,00066e6f656c6961033632263e02a72f560cf29a3887c11be1c826031bce30e999292896e58bf2faee54d3f0710d83d45f8f81d52ed01bdb6bb96847d0c46f7c7ccda83881abf1e6173f39396fd5232ab639a35c1011f76e8f2ffdb055f99ee0074205e43bf9fa9dbfe9338ac9d6eb7ba56b0aebae0b59808a5c6c164cba10e335ac7f17f140c6704000066e6f656c6961,af060bc10e192d5ff697d52ce1d89eb76d37f0b1c9090f6cb6bcf2eedf9b14942877cffad51aefa42ca91458ec4c53d9e124fa6e6fd44c164113e8fafb7bc53e
ernie,c942665f-a901-444f-af25-6cbcca6f115d,000565726e6965022d73183f78fa80157d01d42e41e9011649761c188ddd08c8d9a236554f7b0b407d76cf47a2532bf685d2ab2e79ba4ad52497c27e18bfe1eda16ec50d9a2a0ccde721cbd2ef45d3da4391a27672bb065e3edb3f487f19dac910e2aef4d2330496f0b2b2d63afa424982e5cad38c1264b98f83cea278cc45bc3364d7e552ee088b000565726e6965,9d851c9aa76a5862a19e5518efe3576bdf77236b78ba7f618a1f95247b180300d88f8db09fc94820bfb837a8f9f902eb8ba0956950b72a3251596ab6f895db41
giuseppe,2ff3ec70-7f12-480b-8d5e-e364afa893ab,00086769757365707065029d144ced10b099a31117a39c76ce59daeec1b402189b02756bc5472faad4c4a4df1cfe9fb68bd0e13a41a7bb054a6727a09395f14df5015b8155bfc5599b96d1778434a44d3f373dfba8dbe3b26fa11b197a32ed90cfb6ae1c2d90f41da65d278e885a5aca11669e9146710ece5818f546c17802e79c07ba74f6e14ae8e8af5f00086769757365707065,5e1f1b40602ddba8aad747a6b66f34cbee30db92c04304953c572e5928a163c0c5f02c8650031c92f212e4ca7136ae674fbec3fb68816f75ff80905366e6ec6f
westley,6a786523-c7a6-4f2e-9377-62b259d94d3f,0007776573746c6579033425af6c039800ebf51e280a3928acb322961e2241849257a3fe8bac612fd32ccc0d9682d21eb99d8a37d1f9d8f27fcbd3a1034a5025a218f0477b4310fded05e35d4e986182c4c0a953c4f080db0e7dc0833dd1dbb5df32b3d8c13bbb50555cee1d1d47cdfde7a5a379d47cac42edf5a76b469bb012956a095ba6a0d5272dad0007776573746c6579,31ac4558235c15f7c6129b39fcfd504ec25742bda23ca9aed5a205ee2c2c674850d1d4029f1c4ca0cdee276fa9fb69d9376c9c6fdeb8c16be39c6da222a8ebd2
joelle,b35c0764-748c-4d93-88f9-c84a9ce416b4,00066a6f656c6c650301923b4b2cb8d546447e49dcffbb103508577ccae1f10207ea8bdb7539cbef28f0ed0adffa2637e49d5aef40bbaade470e72fa748ab12c1d78c54b3deaf45dc782978590d1bb2bc3eeef702230c6249ea1622cf3f09d5bcd7f9f4cbd014d9706c35c65b2ad5be522f23e7ed9ab7bcc06d07bb023b23d6ad4f26a2bc22e06214d00066a6f656c6c65,8df086639acf80566e4ed4bcbcdf64b6baacf2255b01924f02e1a289ba26f872396ad0a5641754bb932dae12613af541d8e635b3a43472f0dd2ea19ec876242c
avis,c62fb612-e1d2-4bb4-b559-a824a6cd7fee,000461766973031a969a9bb3bf47ec51ebf40eef70972d591826e598714b4242fa1ef6ad8a29b9e1f3f8305af8c1bf5dbf0151dc044e9e276b97bf8c8da462da3e5dfb9ce508abf0b5b9b1189ad7fd4a2234286d98513c083167c3ab96d675796375c8281d023b8534bebaa46c0a235d66c2d7bed58f7f83782a91981633a8f2585f3ac5829be0000461766973,7d1160cf0ee6ece25f52027f1e0109e307c3042a22e38f62f3ba7130922a6088badf70b68340c3b8e603a82cca02806563b9abddd5b8e7b38c01d68cf97ca292
pinkie,9a35194e-eb35-49fd-86fb-d5b861b19837,000670696e6b696503e751ccb0456d0c97a2e3d32d9eed250a28369f2909eed01ec90f7f01b474527badc26c11357d618a1f0cd6bc9675e101a51360c1326486932fe446f82f229eea9bab19ea83f24b0258900861e878526f25156fadc3742136a32ea8275a7e9e5fdd0d1dbcc4354387d2228b663e0e856328b1b8c67b701b8ef38d8616b8c778b1000670696e6b6965,37f4c10248b33fac36875e0c9b1b69d0d889c30b167fa80f70ceff0da0153d99d878d8d513ff6221262e9a5f46b296ec9c21d393a3df2e58da10bf5725646d4d
keon,ac24d1ce-775d-43d0-90ea-a7b01406c738,00046b656f6e0383ff09af9c290eee7729a7191ccd6732d342ff033eec001bd75a97bfe5fd21aaaf88dee0bd17af22caa20ffb800b9ed8e7221204fd6c749027a10b663b2cff2a972248aa243af0d677d43a06b80a89a718bb00f3bc28f71e47a07a5073fee3085e99827f3b2bbffc5cc78c22861d7b650acdb317cab6feb9a454c97e513616f000046b656f6e,7bbf1c01d7922c9b2025603525593143a54bc1886f09aa6018491ec025606acec36682418f3e5db13ba05441c95fb5f667648c0ccd68cb05627bfec5999ea71c
clair,7a1f9b48-9551-40fc-b7a9-9cdb643cf6ea,0005636c6169720345e6b702c9a208b14da7c08df5a518e26e2ada953ad0316533c4806b7598c2f305f629f8daf3db435c2a16d92352bd72cfa726c2a7483e4c1bd3f434f88d42d882c1470ed2fe78ec916bc7cf9fdabf8bf36dbc3973bb684a6f3bedd2132684513ccb1d9951bcdf7d5cacaf75d9a5120a400ef54254e05666608fa8068e0d10f80005636c616972,f3e00cc6501e1c174b7628266353891b4784dba2c57b7e33594945ed18003832d4729dea167dadfb6d73a084a03dde09e203709e8e0e4d02156afd2ae8497194
christ,c7b3c477-ae64-4e44-9e42-d181f193ad07,0006636872697374026a17d6a4a9014b2806dfd55c9d883c82551cfc199d68b75975caedd914f42fafb43948f0d272545bb9e81487404cd145c55df20c165f471b7c05a81de0f4cc46e0dae483d729afa1438659eab39a2c3910e8a9cc81c55e500412de24a08a6b80f38405251e1d3729af2e732d08053a3807832b9d392d5fd9ff1871b68f3f110e0006636872697374,634ed3fc24ec1b91b41e01e7336e095127c16ec5c19129fb9aeae075db7373692ecc4ee38afe1da236139c99a68a3f25576e895d4a6ae6607bded13111d860b8
lionel,bb9013d3-cdb3-457c-8c7b-3cf9355dbd2f,00066c696f6e656c03b2e4d6a96845fa2cae2fba0dc90310b8a3b0113677de715cd037481bfdd104b9f4a513145836116c2b97691ec82f2390800a9035f5e25c78dddd4db033c51c29986f47f8cd308125f2b43c8ff46ec55f285d8b9e96796d5ab96d015754d4e88bfd51c1c475df22d6562e0b65cb077a587343709fd33609ece2248f580c4cd77c00066c696f6e656c,b541657d69781a101da31e8b726dc643fc1fe5d2bd173dbce545733f6b59b97ca8db39f7093fcaf5deee3777aabc8de51e62567cbad712090344bc599176f31c
sophie,0bb5ed8c-3d91-4ee5-aefd-967e77ee6742,0006736f706869650274994e6671b1b59687af019f3cce749038777ecb81d19de7adc1b20a1766b1ce3b22b291265f005b89cc8b76ba920be4c9a35002bc517142c53d0ceb970067ad6b714d901e510cfdd6f4f1e87e76527fd70a9e19e17f395bf3bc8607ed9bef4c23c776f5dbe4fb37010d3216e83cb11c299024e204cd20e6d50b8df00074d2cd0006736f70686965,15cb5f6f4b566723c7dda4c609bd6410e1a62edb837d5cdb5d52dfdf30ed69de068b5d43008fb92b62b519d42552c180986060db5143ef24959a6148718b5b3b
nathen,5bde4fba-ddb8-405b-8dd8-e3a3643a30dd,00066e617468656e027e8e9d38e206bfd0c7027e3183399e893f4daab25d0447f40ca4b5c62d2882a068217036628337739afa4070944eaae9b594fd68fa4381ffa136307f9c877a8d25b74039929e15d438013f9262e2eb4d26bfae20b38facc63aaf214b216ac3f621c5e6300a4b6914e9a5822169c9746e1b6b7fa885dc0d6bfcd7ccd20b6f391800066e617468656e,edf5445f2030ba53bcc6cfa56930573ca0970ae5f6472a9d59615cc494b9be516c1ad7892624210c9ac1f4ef42acfb9cbe53e334bbf9c39f85a740717831d298
oswald,611cdfa5-8824-4530-967c-65de819978c7,00066f7377616c64023f95b7ea1fec1f340aff9b0f09dda6a3d45b9c20ff73cda825b20362595b9d5d1f53b9837dc06192ed14706e4082defd4ad2814ab00d73580c5009790a590b75485a29b8615785418f1499dfa6f4c522d372e24a7a9e3c59db141896792e770c9e85a9fa850cab645cb6912f15b7b9f6d974f9ad82b5d05d46bf9ac0e0da53a200066f7377616c64,5082c82c869e06fb4552dd69eae9d590ede8fd886f6b3058efd5337b2925c4cd9668a58ca5bd8bbdea795aa59a720d422fa417e7668344eb80d6c8fa9ba196cb
brooks,0bb1ebdf-a3a3-4c51-ba9b-5088e2eb3208,000662726f6f6b730375a3c17a3f90b63edd780a9ed183a6f75cfe776604a5c425debbde91b3ea911c14005c81be8320b835cc171bdea229af1bd127f4634cb5e30193170f66edfa44f9fa8f305735696f58f7811d307935d8c2eb0cde479dd1eba28ff49ed8ebbe1ec22cde9ea914ae09a3788b4db79c00a7e6349bcad9778aff5cc8298fffc92b32000662726f6f6b73,69d94eb4f43ba32d6c9885d721479b410cf4e0ee141c1c8a94ea7bc6fcf2917fd52a3026f58d2a904165804f9a082474d4226d94f14a9b62e1508dde22f2ef11
willard,9b4e70f6-1310-47d9-ba20-59b4db4c75e2,000777696c6c61726403270b81d2c2d4ea5bc4e27324067626aac30bda391c2050eeaefa6df6d99cee503e4c2a834964c60bc458c52e3ba89d33de8a26f4ea329c41d11a142822639b101b01d1dbb8a8b54b42405ecf5af8bc5f53f05856fa25e2c9d18c6ac236cef59deb777675837f2fe2dcf66396f92304c53a109ae3b3f2fb0c2e43bd0f8f84d6f4000777696c6c617264,e40d058e6c402fc40bf1a8052eb382262394ee140051b41e3aa7717c874ea593d69589a9038e0e3b87f4c8701fb7e34fb0d6b5fd972a4095b8768abcaa94ed5a
clementine,ccca012c-ea6a-4d93-9e90-44b20dc4d7e5,000a636c656d656e74696e6502e4386022301ccb528de911a272c7b0054270fec258f3ac207ecd59bf4ebe88e176a4969dfefa91025bcec6b6a197eb7d6e8fac7d1dbb1dd20ba5de51519e3c4d6f1394482923bdafab87323ec23670942f0a35365733a6ad6d2723ae541185f6530601762bd58e1caf7198e89958056fbae5516454081d4640402c3c9576d514000a636c656d656e74696e65,b7a1b54245bbbbd3af8966749def293073e5f44acbe58ec9954b91f648cf0fc565074a75b1123afc1219546a663dbb946e7430c82d665662d08e7961bc355141
kristopher,e76c1552-9973-4502-b516-41e2bbbc6d9d,000a6b726973746f706865720205da36de00e5b5bd5d7b95448769b73dca77bedecaf3a55c67ea18a4ea5104d8dc74bfd14fe0f4c63f31615e08ac6defc9506ef7d6c3dc5d31ec1120172c9b34028120da8b8b6a2444776b2685173613be64b20573e56d7c42e9f4ff689bc8d0c160421a1fd7b5acbbada6d3bed1f692242e5a180d68790ba31fe99106cac025000a6b726973746f70686572,095c6dbd9e817073756111143f7849ec96ea08a8db52a10ac84f57b88bbea843cc0b73f4560b14146e227d0de0f180e654d34066513626b769c788debe21030a
geoffrey,96ce483f-b5e2-43f0-9db1-fc53c736f417,000867656f666672657903f454b98788bd4a2c30239cefc0bc5ff24790c4688536d9d7a8e8a1ef75e03bf477d405802aab42e259e295795f2ca815e10859fba5748bcdbef240f8dde3db35b1ae0be2d2bd082fb2e0f7c3499c75327eccb97af32f6af345ed71f1835da2ef4044116d5f0d8a9c722f0b74a36188366cc285fc8f012c85c5406f131e245942000867656f6666726579,5e79f3437760a217957b927f6c9edd256754fb151bbfdaa895cee622e3de974045bd1ad30bc76d38c94db1550663fcc6b82532b6f4fe56fa037385aca67315b6
akeem,be14aa86-3b33-4344-a3f5-a6987c4e8f12,0005616b65656d03f48cf0521d88db755a88730ab690604a8f1a473898a7ed4fb219eaed596b1e309185c5027efa940046ed7cd4d6e9b375022e3f18dea8736746cef33655170a558cc65c33e0afec29f2406b59072f8a0ed81cdfdb890e2fe01fc3bc5a694e01e73ed3f8ce62401df4aa8a5db69d88ddf1d6f95ca8a872a46697218bf63c5970620005616b65656d,f0edc6a99b2623ffb6a7697fbf5522356a3ecba4d7484bdfa00e61b94f4fe764f247e6f35a4fa6cd8cd3f1dfe23202355b4ab9c3200fe4a0986ca56a3292541a
kelli,36f59bae-ac8c-4ab7-9b3a-0dac7cc5d724,00056b656c6c69038bb41b14a3c5f25780f58671b95e998d69717a2216d0273860338fc726aeaa4035ef33294ab885091bc67c5a65bf3610bfc031027ee3312cd44e29d005ef1f12a9600e23cd05f0b56cfd2d97a7baebbc98d8276913f15938257ff0d22ff145272bd2b52ab4955acf257e64d88330d8ac648646e6daf658899b5cea57f421915d00056b656c6c69,b565a798beb8a7db672fcfc9700d57e8e038fcfe1b90fe58fe1d3edd26a2dd86286e641a0bcdf1f05cc292d6cfa47d6eb24211a3406fe8aaa56b434a1bc14a38
cassidy,73830b4c-c7c7-4475-898f-6285231e6067,00076361737369647902c3e5c651a654efb94f8ea06debbc35db3a39cb7626cbb92c275d5150be6fdf2e78bf3505ad0c8846f43d9f92ac0a73420f428731f8b6f38683848451d83a93e6b027a820b20964a4d4f5c0ba1a8a114a97fc34805d2bce005ef9706708ec9bc30573ae5ad714d3a9816b1ee44ef53fc2cab83c809e074411366b87237b35aacb000763617373696479,14439dd133d833990670eeb7eb4a326a885925890c5421e4fcc1d0f024acdcccd90bfef41a80be45045a47ab6bfb8a83bbdcb7bf3ea9eaad64f67489d54c6a94
margaret,21d9522b-81e1-40aa-a09a-7e47e03e73b8,00086d6172676172657403f71a46e06a3d66784160e459eb71054599bc0cdcf0bf6f4850d380d378f2542b941334b9cd3b1f557290e3eba43ec95ef0b6d8a0835995e1de47e50ec3da17adc1474c14c80992e757ee4c0bfaaaa0d9859d99d14c74e5f2017dfde8624fd699cd32085b1d4c14204e0827cbac1fbb3547f25e85c994e50b1e868233c3e97c2900086d61726761726574,4efebd172d297c18a44b2e65f53544dbc439c685d5df090b3f99e071e92d22d23a4d653bb52b1e0e5354e6407953eca6fcf207d1a876421b4e674ef250cefed6
winfield,66312ff4-dd2f-49d8-b985-45443b1e3076,000877696e6669656c640346bb2389117567f9c5a978015f861fc19d4db99f9216b838c9e5501957f4376c82198414a824693ad0cffc46f95501d3b1d74040405deb4e4a47a16b6c732f7c8137ff636a9024b81124b1d354c7111f3a7681a0acb2739e1742376ea87072565e48aef780db8392558c54a449a5ef23a3508b27fcba7e0797bee447a8f3dcea000877696e6669656c64,b5a1c9943e286d669f004fc3c293623ee2f4eab9986a38968ca995f386fb017f38c150a7d2873417d2cdc4300b95d98a0c08bdaa44f8de3e9f0099500765ba94
name,83fcaadc-5de0-4b05-a9c4-608444b8d8fa,00046e616d65024f433f309feed39b3eac2a1b978e594d64588e2181e83ccc827adca7a9ad415e28802ddd4c65271decb9425ac249910001907ebaa007fd2a437f3fa8241cb8dd829feb72e1ddd9cc9455289a9466d33c9e4efd28f90bf11bc4bb0a517dae8d3d286e34d4abbe4d7fadcd6e1b3b79be64501ca512c8a6a65c9fbb23dcd555a95d00046e616d65,23342e98b96c93fb72796c02597df0500ceca99a8edd0df70bee79b039396cf64f0d17b94e36f7b5363c134cb37bf048b9bb38859d250d9d2927f374a0f99ced
larue,cb1b469b-957e-4694-a2bb-5123f68329dc,00056c61727565033739e1b805c2f4b9b5824f90c0f25b26be2c4c800775f67fe665e4307b18c6081451446d99504ed1fccfa77511cd55ffdd3a5dc7986c5b7ef6ecd976e09898a0a02f5e2bf4b18918c3f99ddd84d2a201b2c48caef1f0a28df6c161ca8502eb64f149158f0b14fb163a0d9f22ce95c88664afcb5b1a35594108569a023222289300056c61727565,2a48fca6c2d6b4c861e491706f5ae18092d83d09a07d9e032c747d36e9f1d8a595bd70633f357cd57c733aa23b3af09cc30e26525a18e750771ce1b280b3fc80
jensen,dd259af3-c402-4a26-b2d6-619839d90bb6,00066a656e73656e03a15dd7d6cf0bb02bebc71ec781ede0e2088d3347ff3e3566e9fdd7f055c87ef7fdc3a19ebac6f339f178def34fd4d55b9d507e7b3cf9e76b71e4dfdfb8fcf8269de9f31dd0821dd78e0c5233cad04a49c4b999dc8430e3b687787e6401006ecf07a780b191bb0b295d1c64836db39942154a27e134e10d40e6afd1c282f8659d00066a656e73656e,c71f8db04e2d62e76a85522ce1fadff900b70b3a15a91782220f0d4f9b5f2bfdd9d1803779d4bbdb0d7c47f6a878a0847522e12c320584c438b4d1cfd0769942
ernesto,ee41e16c-4f24-4d73-aa09-c8a8c66a0ba7,000765726e6573746f038fa172a49ec664f5262cac51ef71b5b4f80ca0737214dc3d821a260d77b9290a4d4f33689fd7cf022b23a8126ce01bcb0f090e3c06c69efbbb47082a28f36bd4345dd7b03aefd15737e995e863bee80bbba5463912081324b11480681726358bb99bd6c5f2ebc351e0a05379ee0d91104afb758ae3f1e20e94ea692e17e84350000765726e6573746f,94e57142bb61eb275e5f7085e3959e215bb7bb615815c457f61c5f016a18e443af64c960da931160a4f5c1ac86c64114b8b40923ff4295e906be5d6b0515b97f
jazlyn,1b7e535d-82b4-483a-bea6-638e2c632086,00066a617a6c796e03ca4eb56ebdfcdf161e3722817897bbee001526b71b5da8d8d11c085906cb5573807ddea30f06e21abad943b2950e8d0a04d452fcd4808f8846a44b2ad1df725840af2580771d3ff5a791d83dee89079468de975157612f8e7809b0795590e5dcbae0209a2352b0073f4782624213c780b8b18bb11fe2de2be67cbe8c99d44b8a00066a617a6c796e,79fac9bd18c64c61da781aa335b74cc6bdb0dfc4432e0b20763ef6883dc1f60a6f4b09e5beff453e0545621ae679a073dceb22877d48c88c12630249a4751bd2
deanna,3441d0a3-8b0c-4f92-be9d-7ed1d17921e8,00066465616e6e6102da13f2237ca29da13b40fb18dc662b168e361c9f342f50be90b4e9316d19170178b2269e147db830c9d035f80a887495470f5d326ee858c2797c1cc0b4b90693986921cabf228d260ed7e4eb7c0fff9a20360b5c4390ac2a39db45e0101e4f910274554895f662258559097f6c2e1fe16ae815dc561cb48a2f2efa6d99ae2bc200066465616e6e61,7f08b10759bb50f414aa6b91ce51d7b17ee02885f8c3e762a5744648b004e1395e75193ad55e10366d651934fde5817a58cd5f2f7e61631b5434581d9f3ad5c9
vince,256a5708-311f-4841-9fd0-161a583ea6f2,000576696e6365037955e7b9365697c1cb571f78218522eb7e069466da6070948b07ceebe6add532d7129a9fa81d39a06c2ea9d7fad5382f99043a8c3be83f2ee28f797aa11682f1d40ab16cd7f281a944dd7382dc5bbdce6e058c7ffa61892fc7122f3898e8b773a2a8a1e621d1121e045c378f1cba97f9088cbb26a376ec823aae468ae05bebb6000576696e6365,92beb9093752de269913ccbacc423bc52a8461fc73d896b90baec9aa0ddc6f303e8d10d2c8fd68460e4a1b9b77912bf2639d9a62756964b6108a9cee09705685
jess,4d66536f-a380-4bc4-b9b3-1f4974a171c7,00046a65737302e401560bcc32bfe317c84a159a8f82eaced788423e3a9c38968f21eb34874a3d5f978ed01cdf4a3e1303a49480add3be17fee9e596fae21242bbf7cb95b5e078c2ecbdda0b9ef7d8c0f08b0608859f531bc71be108626abdb858f5d15ecdd014f7ad53848b35d1c65f4305df9ca08b02858769cc0d25d453e0ccf13fa6b57c4700046a657373,5809c5555379272d610529b103c14f04c639bda4afe9b38376f019d6499ca24246cec4a18c9c9adca8d9811ec819c4248efc9ccd0e11a7c43a6d22b4a68ca38a
verda,d80f397c-5a6e-4b4a-95f7-54f3ac21b193,00057665726461039d98479293defb402ce0d9e0102ba153e7d90b79dc650a2dc55f4756536b91534824c23d79e67b1703665606aa0086ddb1a1df6d4a95a8064eee90ce4d6f13923e4c9f827cdda621dcd38a83f73a9ad3146ea9ee2fc326728ec7c14fb5f4190ed03dc81d20f2877f45c61bbd209f195cd8100b06b340a18d08aca1ca5bf93f0b00057665726461,89c85482c6eace0e4fdc7103c372d3ce144c132e3528cd6ec26dc3b317f84a67cf1da16d44ec97aec1dba2a3339a941ff02e7dc793839f14f70b3bd342d1ed04
trace,497e3ab6-c6a2-4518-b80c-eb75be1845ce,00057472616365025b4635d3c9271a7f45b4d2e3f2b469dbedc6cf2de3b4ce0140e0dc70607bf655764a7f0f129c37d1d09d3639fc675e2b7c3803ff2e40378ae79c51296f5f4e36462a612db4509d8ab12e562c9a6ca3da6780894f69f131328aa21ed3ff9505351943ea09ade7f52fe1b1e92ab9ad550f2ed8aaa31d646a4ae2a94a66e51417c100057472616365,0d14e085c82647062a22fe3d98996303dc420a2861f6f498a03cc2f34a97b9c636b2764bc0e99e186697334535bbcd97a7f68eaa18fc5e46615296b391915873
tyshawn,81fe229f-f5d9-4ebf-856d-ef96d4813995,00077479736861776e03efb380a8218b5d4e42c31d47c731a3758f59921555be989310faa88f2948c1e7ba192afc4d61993e42c278dc8f861090bbbd55b7c7d11057eae5009f5fcf1c6165f3f33465e9913a76b43002f71e03ec6eef0e0f40482ae7a7d6fcf40adfcbd9ec13662517db3c710ff2c6bddcf870b366a1d300f2ede7acd75d083c5433451b00077479736861776e,6e921bff2ac87d5acfc2530dda05e88001ea21c2d3eca6774b7ef2cb22926a1350828a903788828359806abfa68f5dd560fdb310ee25960691c3d19183059a36
alanna,a33974c6-565b-406e-8e5f-4965d5567a00,0006616c616e6e6102ce2e4f03b041776f481ac30e616536d2b56c06b1a4f677243f74d1665f51b189386eb49d576ea0b10bbb936ebda032ffa00c7bb5b6495d92ac133168d0947e4a05aca09afc769b3b11d8718077e070c1f0adfd6efee12b815b5517d8d17ac32c67f6b397e22065bcf494018cb16b820160d26f27a2b14b035d9445dc7737439a0006616c616e6e61,e323144d2827bf6fd05e5570f12bf7cf081f431113df65fe741bf06446f8f786ec25bf42e4096d43f8dcdb1c0e53aa5bda00d45f44b0d005c7ccccf7f2898e08
bryon,4ce8c511-5e2a-43bc-b644-12ac4e6992b6,00056272796f6e032a70bab91d4c67748b6a0a953bffce4e89232e4af59c165c84a05814b43dfa5a9f528f1de00ab4af66f69cc66e728f2d2eba3c29646df7d2cb6c726094e679398d534e0bbeac4de1e81d91c9f66b207eed1424fb89ec8731795da5dfe6bd424e70d97c004be6fc7ee5349f1acc0931e65e8ffcc746dfe856adbec43a1c9bb00a00056272796f6e,4effe36107ba6d473ea8651492aed8be3a9e66da3c9d1ff66b73a3b363381e11f36ea6eba782f0be774584c4c97e772159f9b58b38a9f7a8390ef84646eb092e
jeffry,893aed6f-6489-4c12-8f19-f97007251cd0,00066a656666727903139b374da8da95e99f1cd28a28334ae291c38f43849d95752fc64be9a18aa8a9ec7d1bbb22a499ee1457e1f6a12ea684ea01d81034f9069f89967c0002c024b8075aa61e9779cc479079fdc285431ecfd1335f0823968d234a48210e52a808fcc29320712f49ca61cf9d70c1d4f0492baeae5b58073fef6d37fbe9ab2de8542800066a6566667279,d4fb0c106193989d3830149b3e7279d644e4e2b7ad9c4c25aa2b971870c80f0d33c7b1313af2f9a2e1813275834aa84bee59e0250fbe4f2b5d97b677828642d7
lucienne,80609d6a-7372-4380-b8bf-b58d02d45a91,00086c756369656e6e650351380653c3ab71b96fe8a1efb807f9894d03d45f707008cddd7413eb81af86acfad652be4880d934b0adda5c16e3a764baf15ef6307d4a4260e4df2e181a8c3fd631d113d83c0fc6b48620693eb9054bd67ad54044b19c9e35d17ee8b58fee74d38efa5dd24be91825834074970561a42c147821c00f609da3efdbed3d9378f200086c756369656e6e65,67b35216f744af17a233a0329fd583488e5eb339c748c666e950bcecd3ebb639b828feeeca48d73a4141f71fc0184c2b3b97587ea8fee9bd0d6a2c66bce9c151
anahi,93a3da98-db3d-4285-8441-54d91aef8f37,0005616e61686903ec3c3493db84082120ba4f27d9ce6328930a5564088562989f5c49c5ca722225380929a82a6e936ae6ab24cb392252e775315adecaac355f93e78b1541dfe8cfcb995320b3d8f02acad328750ffa617f8405e936e27ce8f9f34936c07ea39949277724df00ba1bda4b1a7c7eaf1110b570ebf749d19a875474796115f2ef60160005616e616869,6c2db4ce36fcf74bb1d67c23bdc1a21c3eb8f7f01f600ac74651d0f5ec90832b79694a71e7180358d1299bd6f40d43d66cced4d6d370e5f375a5aa4dce68451d
cyril,557c05dc-403c-44d5-a461-9b17ae2973fb,0005637972696c02b7eec337389c4a4313d700d34224966e306990838017b231459dc7622c9cd46a91d543a44da8cad4c8ec39f4d22674642bb898343782807359208539335629bc1c34bc3cf48799231998c2b3afc2ebc4a311b06d6b0fbf2110c3a62d118834610e47e57c67ea0991c3816ea43f20dc9b8c5f206c0e9787f98e0a844497e4256b0005637972696c,dc7defc397eb2337ac5aaaf46c0eb17c9dd7d357c4ca9329b11fbb80cee2a521587fbeca93256300503e5e0013e1ff70890e81744803fffbc39eddd5db0071e5
jailyn,72c56f90-40e3-4fd9-8a43-0157bd7b67ef,00066a61696c796e0214830f3ff9e5235efbe2a9a61c128888a5f9d611df5cf793a6e412093c90783eb7aa4642f5cfda829826f4b11d41bda381d0462a1c2b4853490414b9340b1a3d905263c4b4d8571cf0d237bc339014f8b3a4111f452017faf6f9a4e4ace9e866fb4fc7ee30764e840aed8209028888b2642e563cf46ad76e877f11c98f23e1fb00066a61696c796e,603d9b548d2fbd4d864f9281b84c07df09e7a16ddddb842f52266b673fdd4a8258a3da5881e2c490695172fd0b949ccc9724c7261ff772be1c10f95e7296f34a
general,630e99b6-96c3-4c92-825b-254963f214a0,000767656e6572616c024990cfc9d6c85b0c47944dd44814cb9035caa14fea043f6ceb8ebe63f5c0d9341bd307a1f032a2d7bff86eb7c0514ad6e57110ac17bd5e6cc0d48a5aea0e84db49aef6fcf91357501dcb5786bbb4e39f22bb4145ad56e0b2a1c360e8ff51d8dcb0862b944317e25be62c85231051ebbea2c8d9c463cabd9843beb3cbaacb2df4000767656e6572616c,e5cf44a338776a727ee0c333553bdcfd9b394db8c3a614c65dfe41ba7888e4bb41d6c3af1892a8ea6b0895f0fd322007ca1a4338c358ed7be45ec02127f132c7
alysson,adf54cfd-7edc-4db1-9e9e-528d17402c7a,0007616c7973736f6e0201702de2289faf4dfbfeb8189bf35cfab20992a6f296c5bed18f71b125d597dbf81cb16b202743e5563cd54e3a390f54e473272d9ce510bd481df4f7930d77085692b0df0f62e700cc1466b486e3a448580dd54226603b65514afdb9fdd277db193f924e05d1cf6da82868ce9de29039d973c78cc75b5fb2e5374d70028480270007616c7973736f6e,3434345f9d724f0ce6ab2fbf219ff2c5ba9be47773dfebf45e159debaf5fe3b791bc2a76321903fada8785fc3e68d1c54c80cd4dc3bc30c4031f2a1eb418866f
dora,f42fe182-fa2b-4227-851e-b5f06f1355de,0004646f726103ca8df220e4505ed330053707e69f6d1aecdb5fb4888ff5c199994a83553c7cba6151a6b0b5834d8ac92d5810efb50afa00dcc4fca74e9edf2b44a9809dc75993c3d548ae60340d4be5d9ad12fcd304bbeb0b8aa0a47c7636e6c1ac7d0340a2f0da3d4c0536e87edc674e179514caf63a3cd29e880dcb826613ad9669c31b64c30004646f7261,063f02b7293cd362070c3bef23825405a76fe05185af8dd9397e19be9ec8219c2839acb0ed114827a56459722180e54198199a926a5c9bc98fbb5ba6427e902a
katlynn,3fced8a9-63ca-4ed9-be96-2148ef168f30,00076b61746c796e6e038a860c51c31a4587b0248adc86e4bf36ea38698e43d0e2b550b59107c55ee2fcad257b131537d9a24afa424b7b0522f9fde27273775d8765e1e99fc89cf290770eca0b1cb27599c26114fb8f6d52e108f6adc6360905e09f5acf7921cc58ad87012f8d37ba143e852156381eb5260975e0ea4a57e7324f19094669a97fe9509c00076b61746c796e6e,b1e65c2c477578c472143acf40cbf4db1777d3ed69a01049dc8368dacda315d5c7323d7d31e8917381102be8232f41c8888d6d184774762ca1c83afe0a9030a3
amara,69bc8582-f906-4033-96c5-b6938f9814a4,0005616d61726103a8e6c401941e8c5fb99f6b0888d5e6661519ee30f7509aa8f5156dc7ef3c25daa40fc86026aa22a67546430e0fa4666ce431aa216f16c01e30e903b61ab9f74705ae877854e112e4a35791847d4abfed8d8561b2a3732e63870347a9398f5d0e5889ca6f5ceecad671a471bb9f5e022ecc08e5e8e4b11e48e627307c1be588840005616d617261,635ceee6baf6edbdfd704f0f8798baebdb14e5f4785a937c7f4921e3e21734728e127ec5f6c692bd47159f2e97fb0023370adeb027afdae8da4af11ac8b05b76
ed,6ac713ec-cf80-4648-a6a8-b5ea2db63ebe,00026564031e8c0478fcf449f876cce022071e307aaa5a01a4be10ac64758c41ef165278e14c10376161b24fa7098bb467b1e6d5c28f734bd2a023d33cebd4438e25d3da6ee72004018bdd4b1b4b95c9d86ef67088cf6b3da3f553b99d890738032b0908cb5e961aa31e8f1febec2ce5e7b35464b93c60764eb439f827b627e590095763d200026564,7113979f3e8987bd359b461e363ba710c960a559495be953b1313042b54ad15f6f129d215aae3e17d24f9f1c5ab3adfa60074ebe53eb38d8feba2992eb6a8168
yazmin,50ccf812-7f90-4743-b494-9ea2ec1f6010,000679617a6d696e03c24b8f8bdce49e327eeff59541543496323b0f24274474bf6107386fcc631b55893a91a69f172963d018fe119047a7904d643ad932de86f168c3d47995ac79cd7274e029797fda52cd9238c7e776a8adbd3ff5e78ebb055ed8a3abc913869142968fa55db55464bb5aaef7b8ffffb3b51d28a63acd83bc1727391ff8e5dca7ca000679617a6d696e,c1effad7daaae342a217b8f754449d269b10402fc598a8fcb36af9f4e6ea7fcda425416f5b766cd132ad2ebb7f3eb1cadeda239c59ba7ad38fbf6d522ab0499e
nigel,6e1e94c1-e90c-4f09-8bc6-d871545a221f,00056e6967656c02129f7ec9f2d1f3e568bbce755f75dca19544c8a2cf36926d72f5932fcfe1a8e88f05f20b432d5fdcbfc765aea6b4583203025f13b0066167aeda515af2a1ececf488a6a672f8870f7f2033122f5c67b269a503f653c3ce199ce00e8514777b2f18f4e855a0d0f6cd2134432f1f40737fdc78358c4ff40bb026974d93379b292600056e6967656c,16af3f9d6e8392688adf83f1fcf08f78c412caa348ac4903779eeae732a0c990d0d38832622371c04efc20a8db479bdcfbb71139d7fa85dcafb2e35b50bb8ac0
cletus,a1e83477-0ace-49eb-91c7-2417e490d90e,0006636c6574757303031f5b61c566b0503d10b2fd246d37ef681ef77648968dcb1805cb2df3957404d573166240eb86516f090f9a51a7728e567d207f18ceecc1633b46b29a474ca205d110e3fcca867510de962531f714bd4503321fe374710432e4f99fcc7ec05842924d958cd5dde3ab5a97a030a19cb606a06420277b6e75423b51599a4773110006636c65747573,e3d5a6d1cc255b41e77f9a63c6dd1db67983401f3daf40a1e6272b7c924cd2bbb2b45aa3c7514be246f66cbf7f93bc6ad0bfd362e5cf88f73798413ffa65e048
barton,4e3f2b5a-a799-4bbf-8309-5435fd80b8bd,0006626172746f6e03a98751cd2324bf7d3aacb68c7a69b246dc952f628c1b26ad09a3f50e1d07fc01ec01072b1e414f9e786ad9d29e47049ecc1e89ea0afabd50bffd1c918f9da86952886a4719e17d8cc15e9b4874465b77197bbcd8ce23bc43fb63f0c0d205dcca0b3852351b39c3176d95f7957bd985d84d1f0a105890106588d31c2c4c30f1790006626172746f6e,ad5a2e08af217d30ed41c286fd6cc1e757bf1a213ba899dae0d9528a826b8b198b3a08b478f02512adb2fa0968da3d7e0e35b87510a7758e9bd7b244048c8081
lila,939b50a9-32f5-4c54-ba6a-7ee12ac18a11,00046c696c6102c8a36fcd0da82e7538bba03ba493522365b2d625f92851e6e006befacc12053f2b5174733af6ece6510c8a2bd18c267a993da2172470e50656e6b8e71bdee2c36e891c134446bd90b383199bb702754948327c07e67894d235aaff4f2af213328bb2ef75555f52c6f51102969c97e85a0d30a48f6f175cab6968f92d60a3427000046c696c61,f76628460b29c694ca129874ac070e29dfef619bb37fa030429163b48d5f31aca493690286ea9628af3f618c4688a58c63805a805f5a5089a9509987d47367c4
junius,c797f69d-bd5e-4f35-b36f-87c741a45f6f,00066a756e697573039e9ad1f88f9811773c96571fbadc65031ec27aaca1af827c2094d3325036ae544475352e0e5ea3dbf13eb3140f3b4965967fe264f2054d520d968924983c4535f118a233e8b556ecbbcdfbbd95798891d30222fe1d5efc788c11ab38a04beecd15bf7b407c4e07e36f4bfd335d55bf232b40fb0966eb31b56378eece4ef8cc6200066a756e697573,f21e37242d5ff1978b6453ee86f268b6a230e1a4d011756e8e3f0105ba2a12b2ab231e2dc588ca1af677636e072c0ff38fc4a676a4f7a79639d8675cd9bd42ca
aletha,58ecc98c-32b1-4bc2-b5dd-cbafff636502,0006616c6574686103458af636a18dbd691349d819e7da5b382c7e1b878013cbd58bf466423f735fd23add8c9e1f92aa272b97791af1e1a9c32c2445475ebcb8f357e3e8e23176eac3d861f59c6ff405f9522b0462d22ef35ca92f8f4f94b14a243f028805f0a19048cec145b781b93becd124c27a5d99b3a1414ba26e154cb46d088002c79496b77c0006616c65746861,5c871f272c866d14295d0d56031d1af14d01d5616e6f9d089326950a038fad43fdea7f6525b5eea4afdeb6b5a11930b9530096f6e584c8773d263dd56bd545c1
mallory,2cd0f22b-3c82-40bc-bcc7-2ba2c3a64831,00076d616c6c6f727902ea1a6f407ffc2edfaa293f2e5e22d92b7ad4ca68c351aab4f2983c0fef269b2d38576da6dffab01ba242b02396d36ce9debc0d140cdad04686acb122dc705c66aa20198bbaa2e881754065ca8f962c545f32e2410129e7b9bbb18921eabfb91925d5a5de221e455b59c4b603ee6b43b4fd56524520a0f1dca762cc18eed6e95a00076d616c6c6f7279,72a5f1716f16c6481fd63c4981aaddba029faea451f0007cbb7d480a83359b5d330baec220ca755cc26f7f4b54c2a67975e830a5d9a3bdb19476d69e7f8c17da
lelah,afafefed-d5ca-4b37-acc1-179992a9f41b,00056c656c616802faf50c9b784866f1a3e43bff5e8477cfdf058a205f8a6e2dd2c2c85b2e39553c2de13eeb850247765daf897cd9af2f0b122e734448c03767b9635a92f8e0ce000e027ee4ff4238ccd04cd0c9e2c91e2c6bf0b711dbc661e57d6170e7e1ad209e10a2ccfe9d31291a9deb80cae784fc09d06fdd7f310a92bc6417805a9d1af87b00056c656c6168,95196753f91e0125ea0b007a1a499e37762f8e8e610a26cd7b12f80cea239e4c6fe39928a3ed41e59278e714d9421958a8065fdc701ffed2541a3e44f08aa70b
jeanne,83a65d87-a121-4adc-b2bc-9f432fdd0d89,00066a65616e6e6503b4fa00847d1c0e5e4ea17f38efe1d6fde16447f65b4eeaa22d594b7b880c981c5e7881f5833958133ba87295f314c0cb5e99450e46304d23c1edf231f5c048e2400091bda90c8b4632b5bebfb2ce2d1866052c132178ec8c496d2a4463dc9910232f80116e8f41bc86331bec0e391d8146517c8dae03e2a59eb31298259b1be900066a65616e6e65,3f84bd619bbad4aaa387e93a85b094b96b1baee935bc7aff7bc5cd9e61f2c63f190c012534668d8b0c9f25d7692fe720585f607bca0d9d006dd83167c9fa24d7
alicia,0bb913ed-970e-4155-9bbd-0bce3cc5bcf4,0006616c6963696103c69c5796d97be1543a4a7c25c100dcd9a755aa58d46d4a217da6009c8d2e4741f358a1ee5f08653f5bcc3bc78074f6bab3ce00fca06991c7481773f0adb0b310c2f94a085bfe090858f8d69df422a7a62570b09d521c3fef97f39267042c6c9b14b5cb83546021c538745c019fc52c4769880b0ea2d958680b70d655bb6648e00006616c69636961,1d0d4d06569431de6e27d1fb5a7a52f5551a1f4909477a5160d7bd51f5707c2a218cb86a66550c37fde331aea51574980b16bf3dfd6eaf8600d6ca26810a7c90
arlie,419c1bcb-a74f-4a11-8365-a87acbe45005,000561726c69650333a7319c6d8fbc5b3d0cd7c41ec38eddbf6bfa6d118c78acd7ab22d24396f1d133b77d62376fbac4818518b50019d68c8d53a5b36d394bec15ea016f12312e8cf8856d05b740ad312cdfc2870cd5aebfe8130eb6a604d4a087d3128f33ff4d9d7de6f68cb1e85538079c70bff92c7e4a3b55176fa944f1dd1c43c10136b49a4f000561726c6965,a295811841583080c10e1f399f6d14c080d649a967b140413f3bf2c30542e81a67d867b23e87fdb047081d72abc3025f7722020e45c26d5cbca951606b736a3d
otho,fe6e6ac3-dbe5-4704-9fd1-2a2b3ccbb394,00046f74686f02aeaed9869472f9ffdfaa26b6beb4b0416b4cf060ebdae274ac96683a5da42c3e3ba833cdb6b8ca6560331bdf57044b7049c1b9b29487d8e522ffb48222fcaf5ba143f00ae7036175ba022941d30c436df0f72bf22689a256a28fdcfe36ce7b5034e40350d7ea1311259ea9701e4ea5640c93f98f240d7fbc3aa658e375e95c6a00046f74686f,8ddc8c77295495342ac1845839cbadd435579c983cf56044f3af2e815eae6ecc16312b4afc02f9551289ee081cf27049367777e41fe3f92f5cf95150d76cb2a2
dock,57ca1bfc-e33d-4efa-979e-6de131430529,0004646f636b02c0104957b9081c6efcf8a1fd460b7e8b508ce942c87e1d067634cbd3a8b0e698f6ebbb3137e1ee0ae4d59de4b58f1f0f22f13791659924c4f6b27e3221a2344b27af79afbbb4e8d15e717ac28d6493dde2791b34099317ed4122b71d2bac0c3120479784cf59976cd09d2d04cf9f08f61b3878f085ba13380a4c060a3f841e620004646f636b,2be618067887094ae95f84b9613ebd36d5ca8dc9e8850357484e01bc1c55c4346f101d502887cb779d4a0ce6f4c81508555a14d3399ddb991c5818dd3a912a4c
favian,67fd8340-c965-4423-a84b-0779d8dbc0b9,000666617669616e02e3fffc356deeaecfc03e09b0d1be748ff438cd58b90aec0b0d3b0aa478de33f16bb52dd9f158387cdd4cd2b1eb04ac5f8bb79e6e15f117afb5cb964f9c8f811ea6892ea4daa1ae30b4a7148fb186e3d08af3f23d9993e42248f4479cc2eb17a74cc9741f2118862bbac2a649fab22137333deac9e8b462dcf15595124321d18a000666617669616e,b3416c0c6d1980bfee2f9e860115138da848f7aaa1b4ff3e11461e3f66b4a82642fb079f173022a726037b2eb39ff54b10a1026880578b475254f8a0cf54cc24
emilia,5ea6d596-7231-4892-9012-a68a80828016,0006656d696c696103b6050c5cfc2e6535291836a1e6074203ab257542d05dda0ad7c34a699ac8fb4d3af2e0395486e70380c27d50b9ae10506ba1c8af79c0ba3dcbfa203bb98046dc8db3981b480d44849a5ee196dc0fab22b887ad568e736e0e1335806d870d12181983f873bc0fdcb90e3966be85aa52b7aef90a6b59f1bff72f13f4d7eaac44030006656d696c6961,be7dfb1ff66b3877133054cadbbf8f4215d4da25f39a3b8c1beca3aff50a2ea4021856b0bab53c955995ba24af23c54862f399a19c065b2262fa88811aa74064
roma,dd80fd79-870c-4257-9416-d8f969e48041,0004726f6d6103ab08366163ba94cebd66819374c83765bd361a0313ba6b580d28de6634179ccfa1b45573a88bc0447bddfff8dd0a6b2819923b4bbf5d7f34fb9e353ffb47ba0139bb7365ec84e8c2b39844ef64f4346e1427b0d5d89ff93763e951333424dfe5dfdf97538501841e2171f4c99d06017dc3acbd228a90564878b812cdbc5cf08a0004726f6d61,8c80d45625bf064eb0b9b00eb237912fca43b8e7d0bc60938d2ef81dd01f23c33738fe252aa389e5a06d1f6312c90477440971e70ea1861fa9818b19e13964cc
jessika,512c23f0-218b-48c1-8881-245ac85f4d27,00076a657373696b6103a928abc993c74f1b848e5f8c1c3f6281b244a6113febe1229cc12e81d2b6359bc5aebb8589e3167f12edad4b190aec939bc613a61d08839661ef0777b4bcbd1f409df006495a1007d73be24e223fb4ff8817954477b37498eedaa915d28c375528cf642dc3703c6e7d286205143cda8b5df7d87bdf1e7e486f9a171587759c7200076a657373696b61,62b9b39eca02c8d9a3ec57ca30cd0d9138febd39ed581ec922a83b08aacfd9a3282937f4f05211ee534b39323b57f192d597c743ae29aa189cc990a6faf21f06
douglas,996746e7-dfc1-42b9-836b-beeaa8801ce1,0007646f75676c61730245d356118ed06caf99002c51b7204c3c0f2b16f2d9b3b183407ff0e2b611574193f0810d777b30fe425f8b916b3b252f84dfef754a1515b51c104f74782cf3a83b43d8cbdcff9ff99a0d5135194b6cb62796cb2390c2737765de3eb7f20a8f33692ecbbc3f49e90da35a0020d3543f39beadcfb85903a1c0551d4e4df13bb2cb0007646f75676c6173,0ca06a6f6e748652fac6e067863c92f2c5f05d3c50ea49befa6803a5927cde58fb6e45e6e2a9822a216b337b3c6e7d5bdf7fb57ed390f049e4ba3a23fe129f33
elissa,be4f6c57-d96d-4b6f-867f-26f7fd358c79,0006656c69737361033f8c9b5f91e19651e0d8211e892c327299922c8b36ff14e8afac505473e3b5ff9a4346da40df046fc4a0067a51ee2b434656241aa4df47e651c0b34a2392ba49e12f42c206b3e78faff6a69559400a68861c0a8608e2668754821a1e913df4af6213edc7bf4d5783610c56a1689954dcbd1330a965a96ebcaa1162d924ee3f380006656c69737361,42a7f302c019ff7c5f95b5fcbd9db37436954e5066a60f5acacbd03a26dc6f25b6c74fc8c8badde1b25b1d21095535b87f5c7ca9b40ae7595d82f3bc9175368f
frida,a864d526-fc92-4681-94ff-47124fbeef44,00056672696461034b935db55baea0e7c85137ba7d2f6f899055c3f414c1fb6ce2168ac5967a199134fa7bbfbd9b34d105699747965a7fcd298a8ecb484fd92dae5d4948abc7335122a8b6b4b2568cf7aa44f430b481b508001ac588b80a034695027f4ef5713084bf0448073917c063afb7317ba6bcbb4924a4d06b340ec71e93632e5d86c3fdb000056672696461,f350f984f1c6a716b50b6810dd3e4d6a0580f4850d1e3ca4a6bdfb9148aaf90a99605bb52526ad9b6f8dd7d28e6427d36f627272dd9d237c4af82d696117373a
vanessa,dd48aa2b-7672-4153-a16b-6a275b6f87dd,000776616e657373610399045562e27163d12467fc3397a12f2ba2f931ed5f286051d19ebea49f21f6bcd81bc0e93c8f9d0ab4c200eb232391f60dc609a7c11d302a857b1788b3788b6b9dce8191ba2bec9f7fa52ce5f70949d2e0536c550d5e56fe9e30c0598a60ddbb48e60a61ebc7947c28cfc2666cc32178fa062aa70a74d15792d7ca048445962f000776616e65737361,d75d2b4c42dd88995c75b1525255ffae643ff1aabe12ebb6b17883f6bdd81ab6e23423d8aea647771a0bffb2bea2168009de44fc57e4fc85b07e7b3b24da7322
lula,e19f8f88-b858-42e8-b600-b6cf3c60ae1d,00046c756c6103c09b1b669a0225125af2cb654f1b560dc43d8e9e3cb2379d3d9c6822dc7becec50cf5e79be1e74fca7c647eee848851c2338b640281fcd11ac1d77f19538dd650523880409efd445e0b8f4f5429a4f60dbc5359c8f94345478a6ea0355e2dee14a12a58664f807fb10e4a0db81c8f877f514fa2d606d77ac78ea2b74c91500c800046c756c61,31158eb708ba5e92a8483eaabbf1d1d7297021518b6ee1486bf446c1c49019c50314a27c7af70dbd7279227f8cda79473562c7ca2addc5a57a30b02e8a1265d8
karina,74069499-b977-4f43-aecf-43539e84077b,00066b6172696e6103dab9ba05cfc851ba72e559f88e5afbcbae34f409fe1b62a7dca225e36cf8779e5ac77e7380cb62fbe420329c1f3821e20fc405377cfbb1378b967ee2a468379221e694a55da66118b26e2205a96bdaf113cbc69c12b82a230836a57c5203bf699238b1e1ebcb0b6c108765b190e1ca21c0e768797cff7048a71a8d8ee43dc79900066b6172696e61,9627a3c545673dffb86cf2d4dd656597d62b26c9420f9b7aa9e1a4dda17e56834ae2edbf540bf0d18dbc5fbea525d28a25f497f77b4379c4e8097edc0b73f5f2
francisca,8ae05cc6-2b1f-4cac-ba1a-8f83b627fba6,00096672616e63697363610370c9b158ea8c4de12cd875cd67f746c675c7dbfd8884808193ad708fe3f4d61fd97e5af058f6c5e1f3a6eb65cbf29f46a8fae2ecec97cae3cb5bb48291f7101a3bbb6bebdef84f5dde3de338653b87bcd47b058c6e19a9f47737af4d56fc84f452d4dcb4e6599288f0f367508db9e66484b0ccc4dd09ab49894809f71fc5903400096672616e6369736361,eb49a067aa81c00c5f41b9058b0ef08359dd362ae7ee1ec9a610e6662a691e3aa359333728c25c0d195b7c7310baaa432983408f837d78839c4247cf51a98491
larissa,6c18188b-268e-4875-8295-5474aba6e563,00076c6172697373610342b7227e69d6bec53b9634a9ac2c0be8ab7e994b8e059f4060100ffbda26bdec55877a775aff11c60f853750cc6104aadfb72498a06c1b80be97ffdf6df21d1c352a9be673ad7ab03d7eef87fc0d566cb40cb9a4a46a10bc2c994667715f5d9245d9cca35330fb1e5db64e81254625a5a2130ac3771ad3a8c7eebf3c217bce8c00076c617269737361,ed75d26396491fd693ab93dfff17a0cd8ae8d4cd46b428ce7fae2dfa0354fde9f1c7b9d7796a5ef6cb29e3b213f3282826ea89c388407d5e26920263ad8289f9
trey,3e95002a-9d06-4d48-8989-a2d50eb2fdfe,0004747265790289ee5fd1c696f2f59ae17e66ba44ca9d3fb5b22e3f1a0724702451560b7086416271034c4e0f073df1a3e40709a6f9bd6892625faa79f06037998f4b38ed0259f6ee2b37686a5abe3e6cdc6c525756f51e797c3ac0c980f62d6c26690baf23a6c3dc9c1a867e53ed8d4225b71d1e54997f69937771560c13023b5d579e896b1f000474726579,5b4bce815bf5fa2b69ce0d718361ac2ac057c0b2d0a1267c486027485a610141169746c951c8c9a2c7b0f2030044b72511db8a060a6f8a07a812587f3b80fec4
zella,683679f4-117f-4148-8e05-6b2ebf4cbf72,00057a656c6c610311c5a4e4fc93a950fc845aa69e1e2a9efbc54386afb06f51faa7fdd45efb6468055c506c22c3def97ec10df4d35934046ce9a819b100bce15851ac7d658c722ab783ff500925bff2b72c82b8546d5eed57e6bc83f03218d7895e1fbb6a428e2c82be8bf0506d082e08ac4dce0bc99c34576d7637d70e7553eda21143bd4bf88a00057a656c6c61,8279d8f26bb9e8adbf846674aa932bd25304f4b12450b52b8c4d4c2f49fc0caea377d0bffac3657fdd72760184868de71e802515099fdd43847b8435f78f4175
murl,fcb67951-23a4-4600-9401-ac2cf6f231ae,00046d75726c027f755d42dfe846b214738ae56c0321683ebf53dd33979d12506e9984ae950ce9d994a24845a07687f20db32cfcebf6e3ab2dd54dca57c1c4746b50c587a948bea4a24e26d031d082dbe62e8b22e1dfc230d6f39906a134536ba8571e309da5d90c7983f080120019a4c5003be024e7633997e587da650822787645824f0e51db00046d75726c,b829d12abdda704c67b570d799ba956a9ad11fb80028d1016b1a5b183562ec2482aabc3d3e92b31d525ea4a7c82ecfa8c0f4e26b2da192672c1f0a60ee062986
london,70b1bd9c-da86-4bc6-af79-4f52b8c2a833,00066c6f6e646f6e02300ec8a55713c6f72e10ae154d60c1e5d6f3b310930bd6435fa935e0246e0c600c9828cf723c88e81b21250c49ebc1e7dc371220df8bd2d0041455537b6b6a8416485e255e048b178e178b21b00af9a976c688c645968d35f2dc7ddba703c7fac3b2f183ac0994e8cc30178dbbc5658f94014980961c5655e6d3745e229aaa9800066c6f6e646f6e,919e2c23d20a24b7cf72eada051a815404409b1cddafd7cbb869ba4c7a526b22c6d0f11d080c0cdf4998b6a9d1a17222c6a4b4d8891c1bc92e1a71e58c9cedba
diana,1abe5c08-1374-4bbd-8086-14b5d6f7b6e7,00056469616e610294caa1617a3908c242bb456201f31270b7c306edfc3d1de0d95245bdb5c520fdd3fc06e497978965e1889c1b2bfb796f69989f4ba7d93c9a7cf270da61d04fb6a62c4f069304a5302db5374f8c226baae08531a03ca553a262bfd130889a4c1b99a2a90cbd1fb6accd308b10c1d2ca6f74c7592c151dcc69464dda2906518b7900056469616e61,b26a6c13cf3befe25aea9dcfa4ee054ec9767c8bb33596ad94615a2a8664a602925eb0aa9870331cf1002840826c59be9d5837d8c68f7cf5f15b2f01a9ec2d96
dena,3e7c1de4-a409-46f2-982b-fdfb221408b3,000464656e6102d65b9684db02bfb6ac9f67bcc106db5f8526bbf2041c99c566cfec0e7694c84b59292b67e67fbd12e0a5fbda3799d1dadc84cd77d6305dcd03ae9aacb6d086b495aeacd4dac7b6c36f5fcbc03eb4190a58021ab9edba775742b0c8c7e5b7ac13a1849e72858be29ca292fb9d2ee7d6c0a73df5f79015f387f4a0263ffa114f62000464656e61,96e573b37e2ed4e668a55a88eb68c4c5d3f799063f1c4ff0704e6c14d4a9889afe4ac4f42cbda400a717dc2618ba5c29814acc8695cfe36035d96ebca0c697ac
