user_id,register_init,register_finish
graham,023765d30c999e2d790ed27aae7d29c469e7cddcb275a6b3802c711f72ab0b2634,03803e3f18aec78ebe686884356b0268be5fe5fa330b4b977b168a0ebfa1a5aaedcb59b6a0e9640a88edc5004959248c32074ad06c88ae97cf8b1269464ded464d1aef48093d956d832f251290a8f03afcfa8e0453c35327f03ab5e454286d3326565f40b975de9bea828bfb7c941112243e9da4889eb5c26156907f72a5424662
terrance,03b96afd5cf6166bad6b86ccbc3e4c1c077056b5de5b6f19e1989eed7928d3cb55,024be365165678cab5f6f27fe32bfee738265ee4adc4b0bc1f99af8680700d326502eff3ff7edc990dbe708c3c78313bcc837bc56099833870b5a22b1b9c2f4f8e7f3d155dc2e8ac36e0dba7a677beb0a538e760ef809c14b1abee684792d7dccd5f472a23d36b246303950b401619e07273a570db852097f86208f2c1864fa2da
randall,037fe5c60daa5141a46eba9934b391c00d68210c52844278661087efc19d5e8619,02e149dea99cd4b0f220092f9e8b7ca4f2bd15d58aa2725e57eca78747614dec735901e9ee796a973a5bf4afd0f84dad59d0c8281a1879d4c677ca7dfd0d04fcccc9a2c0186ce638929feca99a3f2d3691c9f0369c74a8a84f4c33995c1963bb363a0e8cc95fec1587415f74cb52be39e6c230dadd888ff60340ed0dc1dba6e738
lavonne,031b916432cf76b2ecd7e3d1e9fa60a1425d127bde87407a82f0c0898ba23d928b,03ca7cc77023a980c83f43f8e006a61ddbc3a83a4386e14dc723616b91946613abf4fab05de0b12c1581e8f8dbd1e9abdf9be7faaadec2e03126998fae9bd05c193fbd46bc8dba0809235782bd032f68532eb6cd453c74339d09d632f9c0ac83c9bbaf899bd9d85ca8c67405c2dfd6428e3c729ab2e618a25c8df090549a1a8a05
madaline,039278af21ff267d85a4747506ade4c9c6c75d2b47e47af289bfa8ea8848c43a02,02abe3c4e1b08621d15a6ce45a7e4965dd87ab7da2463dc002c24c4a4253a5f0380968c23102053eb216feadd52fb8da51e5155d457e2d5a8c22e9b5ea65b89e49837955a5930caed0b969fac5924b3aefe1fcc2091e15fb55b8ffed6b540b4c73cfd9cfc9b6a8ee54b4bfb7fdb49aa3035d6d44cae7ee8c92720d5f1f86d7fe18
lambert,03d158679c60ca7ed33f24b60421d4bd11acb5fd0cdda540db391fad5824674ed3,0257a00f0d9778999e7664c1f3e84d779579436a79b52144040ab00a6b8533abe8555826194e2f01b1a078a347509332986a3a1ede96cd23d388e1aba2e9c42e638a30c2372b9e4de50e19b2a6f3470992ff6182de364129e4736bba2dbf016106e28d5c86fcb2ac83c726291f5470b86f1c14b31a9182db9d6de6d64f3381064d
lexi,02534b5d1bd7a81415fe17f0ea5eda8556408744e19f6c8dd5fd5f04305625c0a4,023f54e18c1179167b4517bbca5dc9789855f63c7f16c2a9736478f4c2de99f404e262b4167f3381c4909c12ce68463f2fb26ad63409f5e2569cff5b5258c6ac606879266544efee771804f9d3f1ee4b82ea35338c56a40dedd7a16b304e31dce8bb597ba4bc139dcc0925f9dc835972f667fde0bc7be0a9099d2bbc727fffd3f8
rodrigo,024df82575852afcdd06f330279eafe177626d53d74d4d55d2d84ba118326befcb,0270c5ed90392aec5747f0a0af3814dab971f09195c49ed0c47b05bedea3b7fe00f7dd98f58af921c75ac38eaad0e2a6c32213fbb3b0c5961bb9b88d240d588ef079c120a1383307ff25a159880ff197beac9c7fe48a1cb270ba0f1aa234d9933fe63c578a6bdaa06d7a3d9c52ca0f743491a5deb4f90e5b1f0ed5a9b4fd174fa2
vicenta,0363139525fd95b089effe020bbb3abc22ae4895a392c1c10a0ab4ff2a0d0cc203,03ed3525f00183d3d1a21e86f0a3cea345a209f39e604d71602ea7ce793c5f880775778deb2a23534a18972fffc19aeec5ff216e4d2cf61187ef4987f8e1d4cd8b41de2fd81d5e2bc4dcd52c87a2a7b72bed4452c5088bca42b4aa007d732af2deb5bde6be30fa0d66da0e668be4765bfe7a184b02aca1b8f7bb2928e757333c0a
emilie,036dc8e3a7c57fb6c50d923f785fe3efa281679c2e33201673f12d7afb27cc8402,03ef5d9b3bd660995fb47893a49081af463b421524989ed85965a6257ad32cd5f38be2970a670961a41bf767746748861e18d2d94ade6ae066dffdd23dd554ac443855b25a828586053a708e567e135a70d4e41b23c480eb6e50558c96291442ea453b3b54c984c542c4cf3e1366e97216c184d7188f88f735037069e5868eb488
karley,028a8107f88252f6d66926ad63c638c551b8da7b78daac6af4feca87e5843aff09,025b04086652175d2897308bba56527cea36281650228aa69a227f34e65a60880fdef9a1010bdcbc02a9148ad22bb90b814ffd49e01b1eac3ee52fd381b8e42c9c9e355a982b6ecd22ea540216de28011cdf7c6750dd201a1fdf2c77d30072a0398164826d56b560a4f2ea51cde494d6173d25a9489a06a99eafd8a4627dac576d
rudolph,0299996ae4fa7efb18a65c24af8974dc04fbfff2701d1646df53de3857e877b652,037906fb6499d3294b8a59a9aefc38aa9f1b677b75208a77921f9730e03911986efa79b7f4870ccd70cb2a62b4980cd3fa231cf902288e0771407db6e0f304592ed174bd7b60eff18dd35597b97111eb27cfdb72c7e2b704a2079ad2a1242803490cec7b128c6fe84da4b79b0817804e442eda6f28ea4231cffca34bb165c998ac
libby,0344f1aa718f4056ca99eb55e2f920dca278965181eb98695956c38cfd271f4c55,02efb46f9ec0aedb552ac0abfaef64d7c17ce578887614738df408436253430bf46fe5b38ebe36cf3239a6394da805a197379ceea32798b0affd5db9168a2160ab48d160545eba8af5330d967de9298b8903db16fda79cbaeb301c1e5e9074422131fbabbd60ef498a52225d1a688bb23bd02d59ebe02feed3a403b77611d0eec5
rafaela,02d3940206fadac30bee33fd608994a7a321be4218f85267cdb462b4f04c620be5,03005b2a50ef418e32c555c051d72e6e8c91ed055d318001ba0ac96065a5de3ec61976241adefb680e7e45995a2050c8d4a6416b4fefe8dfc00e54010690551efc703ab0e81c913a2a5a157f262f32f0f539d45c0bf7f7c10c83d2ad5fe658047334f1825d9eac4597822b34cb4b9ef29da9040ded02a155dd394395c5e67ac7b3
maci,0209cc70e8385142c2cda3ab01f7361b8d5c3d1497cdaf86d24d6aa4fa8fa6bdbe,021cbd8c390a8113c47871064e6e0c8737c468c1d9026d0d66deb7819d5292a1b6b60ac784e4b1f12ed4ebb58dce127ba18916bf7168dcd1c9a1b6f7792d206e037be101202d3fe34b7b44a200e15e7d76c7369257ab6d83b6aa8db8162321c0a19ad5845b1cd76bff59d30025a19e56f6785bc923b67a29aeef78ee1ee7b31496
orin,0206c4ffcb217b7cc7264af22a9491a88b6561620656c685f378c13230d4576b02,036d6de21aef9e3c8dabd2671c1967abed81a608442f9da0df8f79e992a41a5217993fd68e96fb34ac184ac5a52ecacad580f04146797da8a87142b601d60b63a21dc0e3616db70baf5d0f618ed75376ca1c6da36137bc1fed4b5ed647913c512892aefefd414979d1cda57c88144c3fd6329f7eab731676b8e4b6e2239450681c
melyna,02ee5d8a058f20fd087b177f9d880cbbc6465c986e7e1d3fb346429ecf30abae6c,03b131c3d6f1a56a56d2b76c0f368a4d1fe350a27c1aedada624354d051b8d831babda1add8c84596e407ae6cba3939c4783848b62156e03ebc45d326617ec47d3cd9a3cc72816e31e5d7a6a70e8f1e80f1e66aedf809b361613465ddaf6022da3d10ecc10dd3fbfacfc86158a7e0ea9215083c98b33cbce14e1e4feb47b1f6fda
herminia,023bd6eb5f25d9202e96d211d2b082996cbfe36742f432e8274fba26fe73cd4232,0299f726eda87665c6a9ce29fada480ca4f2d0d4a1c51e34eaaa42a7c84cd88c2274dfefbf3a5b245eff0ef57bf8ab4889cf754f9aaffedcb5b064bab8ac66ea7413647014e45eeef95380bd27e953221b52764057e27469f4a8aa8c4824e470f7738b1d450b7ad914284fe705415a62874d9b0a4f5066193ddfa693d45ed5e394
sebastian,024d7015f1458b4a43b6f0d933f4ad6c723af6f70a467072d5b600936f9d597b32,0359297d73f0a35e10da5bca9cad9651bb87659ec771c74ca5fffcba2c02a65b7d4dd8f97f0cdf6491d82875149b9f39ab5a0e018c57c191ffdbf830ce512c26dc2f3fe95354f6134cb2073eaae036942e7ed80980f8045ad1f2eca6ef1f44e412362e9b5b23e63e4323ed6eb849d4ffa85378e0bb7db7021d56eb46d5d8eb4a2d
shannon,035849ca852c5e1cefea90276a29bf9bcd4149eb5fc26d5c1bc7425f5a7987a90a,02a3271efe972fb777157c2f675be7b3734542d7ae7307e7b28eba41f69fb09b22ec05697a75ae21516e3991ca6ec0cf06f31bbf21dcedc4d6692311977a85b5f7043c35825971e10949dee61a6e426303d60c9831a8f67d40e34acab0054e3305b8e2adae861fa15a16f05f2cfbe9ef9682e49ec72dff4fd00ac398cca3885177
noelia,021bb031129709d3e8b8d1eeea346e658700097e2fca650a596f68cac06f69fd5c,033632263e02a72f560cf29a3887c11be1c826031bce30e999292896e58bf2faee54d3f0710d83d45f8f81d52ed01bdb6bb96847d0c46f7c7ccda83881abf1e6173f39396fd5232ab639a35c1011f76e8f2ffdb055f99ee0074205e43bf9fa9dbfe9338ac9d6eb7ba56b0aebae0b59808a5c6c164cba10e335ac7f17f140c67040
ernie,0388f51710c24a9d778766b2c4ea43b1148b973915da751c8a89c9b27f6c38f58c,022d73183f78fa80157d01d42e41e9011649761c188ddd08c8d9a236554f7b0b407d76cf47a2532bf685d2ab2e79ba4ad52497c27e18bfe1eda16ec50d9a2a0ccde721cbd2ef45d3da4391a27672bb065e3edb3f487f19dac910e2aef4d2330496f0b2b2d63afa424982e5cad38c1264b98f83cea278cc45bc3364d7e552ee088b
giuseppe,02a50d353a5ca744f6d1fb0a88c884fcd35f76effdc198c7f815acd228b5aba5fe,029d144ced10b099a31117a39c76ce59daeec1b402189b02756bc5472faad4c4a4df1cfe9fb68bd0e13a41a7bb054a6727a09395f14df5015b8155bfc5599b96d1778434a44d3f373dfba8dbe3b26fa11b197a32ed90cfb6ae1c2d90f41da65d278e885a5aca11669e9146710ece5818f546c17802e79c07ba74f6e14ae8e8af5f
westley,02f73f8aab38adfe04687b902c839132de47d74a04eaa804bdefe57e3b66ee9d9c,033425af6c039800ebf51e280a3928acb322961e2241849257a3fe8bac612fd32ccc0d9682d21eb99d8a37d1f9d8f27fcbd3a1034a5025a218f0477b4310fded05e35d4e986182c4c0a953c4f080db0e7dc0833dd1dbb5df32b3d8c13bbb50555cee1d1d47cdfde7a5a379d47cac42edf5a76b469bb012956a095ba6a0d5272dad
joelle,0234697ef384cf9322bb996049bdfa441d7ca2becaa0900f32755dfb6830f4b5e3,0301923b4b2cb8d546447e49dcffbb103508577ccae1f10207ea8bdb7539cbef28f0ed0adffa2637e49d5aef40bbaade470e72fa748ab12c1d78c54b3deaf45dc782978590d1bb2bc3eeef702230c6249ea1622cf3f09d5bcd7f9f4cbd014d9706c35c65b2ad5be522f23e7ed9ab7bcc06d07bb023b23d6ad4f26a2bc22e06214d
avis,021de3406e4435721952df69183a5c0a499967eda78a33262b8cbfbd350820855a,031a969a9bb3bf47ec51ebf40eef70972d591826e598714b4242fa1ef6ad8a29b9e1f3f8305af8c1bf5dbf0151dc044e9e276b97bf8c8da462da3e5dfb9ce508abf0b5b9b1189ad7fd4a2234286d98513c083167c3ab96d675796375c8281d023b8534bebaa46c0a235d66c2d7bed58f7f83782a91981633a8f2585f3ac5829be0
pinkie,035c0d06d366fbea9394fd85ab458240df86f40f41b44b07a4c55935b2e39beb82,03e751ccb0456d0c97a2e3d32d9eed250a28369f2909eed01ec90f7f01b474527badc26c11357d618a1f0cd6bc9675e101a51360c1326486932fe446f82f229eea9bab19ea83f24b0258900861e878526f25156fadc3742136a32ea8275a7e9e5fdd0d1dbcc4354387d2228b663e0e856328b1b8c67b701b8ef38d8616b8c778b1
keon,03ddb5ac95b147b4474842076f604ce8bec54e77991238706739b60825636b5297,0383ff09af9c290eee7729a7191ccd6732d342ff033eec001bd75a97bfe5fd21aaaf88dee0bd17af22caa20ffb800b9ed8e7221204fd6c749027a10b663b2cff2a972248aa243af0d677d43a06b80a89a718bb00f3bc28f71e47a07a5073fee3085e99827f3b2bbffc5cc78c22861d7b650acdb317cab6feb9a454c97e513616f0
clair,033eed1ec98ca09336e4f34af9de4c7389023887d19c6245a9d54b3c6906226424,0345e6b702c9a208b14da7c08df5a518e26e2ada953ad0316533c4806b7598c2f305f629f8daf3db435c2a16d92352bd72cfa726c2a7483e4c1bd3f434f88d42d882c1470ed2fe78ec916bc7cf9fdabf8bf36dbc3973bb684a6f3bedd2132684513ccb1d9951bcdf7d5cacaf75d9a5120a400ef54254e05666608fa8068e0d10f8
christ,022a6c14c20efa20af99fd64b747bee69fa79d53d6ca77218b0751128f4ee44513,026a17d6a4a9014b2806dfd55c9d883c82551cfc199d68b75975caedd914f42fafb43948f0d272545bb9e81487404cd145c55df20c165f471b7c05a81de0f4cc46e0dae483d729afa1438659eab39a2c3910e8a9cc81c55e500412de24a08a6b80f38405251e1d3729af2e732d08053a3807832b9d392d5fd9ff1871b68f3f110e
lionel,021a76f6be1cf92c07a8021b2b36dad2c2a71dcbaad63490d48714d157e12ef7b2,03b2e4d6a96845fa2cae2fba0dc90310b8a3b0113677de715cd037481bfdd104b9f4a513145836116c2b97691ec82f2390800a9035f5e25c78dddd4db033c51c29986f47f8cd308125f2b43c8ff46ec55f285d8b9e96796d5ab96d015754d4e88bfd51c1c475df22d6562e0b65cb077a587343709fd33609ece2248f580c4cd77c
sophie,036e81effa3030f82aa978996d76d26c02e9386e9eaf9e72c10c7a1e17d4b6fb65,0274994e6671b1b59687af019f3cce749038777ecb81d19de7adc1b20a1766b1ce3b22b291265f005b89cc8b76ba920be4c9a35002bc517142c53d0ceb970067ad6b714d901e510cfdd6f4f1e87e76527fd70a9e19e17f395bf3bc8607ed9bef4c23c776f5dbe4fb37010d3216e83cb11c299024e204cd20e6d50b8df00074d2cd
nathen,0275a5322021d4416dde861f908a29357607a7d410f7a6bbe02be6ccbc39dbc415,027e8e9d38e206bfd0c7027e3183399e893f4daab25d0447f40ca4b5c62d2882a068217036628337739afa4070944eaae9b594fd68fa4381ffa136307f9c877a8d25b74039929e15d438013f9262e2eb4d26bfae20b38facc63aaf214b216ac3f621c5e6300a4b6914e9a5822169c9746e1b6b7fa885dc0d6bfcd7ccd20b6f3918
oswald,02e359c2248701d847253466efd9c6e704ad86d7e8f62c86c8343bb2aa26f451db,023f95b7ea1fec1f340aff9b0f09dda6a3d45b9c20ff73cda825b20362595b9d5d1f53b9837dc06192ed14706e4082defd4ad2814ab00d73580c5009790a590b75485a29b8615785418f1499dfa6f4c522d372e24a7a9e3c59db141896792e770c9e85a9fa850cab645cb6912f15b7b9f6d974f9ad82b5d05d46bf9ac0e0da53a2
brooks,02e62feeb9f59e30a0f0c5b0088827fbd1b856bb802ae7edb7842450c6ee8efbef,0375a3c17a3f90b63edd780a9ed183a6f75cfe776604a5c425debbde91b3ea911c14005c81be8320b835cc171bdea229af1bd127f4634cb5e30193170f66edfa44f9fa8f305735696f58f7811d307935d8c2eb0cde479dd1eba28ff49ed8ebbe1ec22cde9ea914ae09a3788b4db79c00a7e6349bcad9778aff5cc8298fffc92b32
willard,0323326d264b840500119c4ef0852cc4742f649168be2a4ad19202cef986d5a026,03270b81d2c2d4ea5bc4e27324067626aac30bda391c2050eeaefa6df6d99cee503e4c2a834964c60bc458c52e3ba89d33de8a26f4ea329c41d11a142822639b101b01d1dbb8a8b54b42405ecf5af8bc5f53f05856fa25e2c9d18c6ac236cef59deb777675837f2fe2dcf66396f92304c53a109ae3b3f2fb0c2e43bd0f8f84d6f4
clementine,03f763c5c5790b53da4267230dfabfada9403c8f4c1262338fb8cddee926b1ce0a,02e4386022301ccb528de911a272c7b0054270fec258f3ac207ecd59bf4ebe88e176a4969dfefa91025bcec6b6a197eb7d6e8fac7d1dbb1dd20ba5de51519e3c4d6f1394482923bdafab87323ec23670942f0a35365733a6ad6d2723ae541185f6530601762bd58e1caf7198e89958056fbae5516454081d4640402c3c9576d514
kristopher,024daefe5df5a13e7111faab23829a4a1e5a3cade1ffc74d227f045b6f4da8dc91,0205da36de00e5b5bd5d7b95448769b73dca77bedecaf3a55c67ea18a4ea5104d8dc74bfd14fe0f4c63f31615e08ac6defc9506ef7d6c3dc5d31ec1120172c9b34028120da8b8b6a2444776b2685173613be64b20573e56d7c42e9f4ff689bc8d0c160421a1fd7b5acbbada6d3bed1f692242e5a180d68790ba31fe99106cac025
geoffrey,037dfc03b19a13ca93f692b733ce6d8693f4db19e21e11b76206694027e0d050f5,03f454b98788bd4a2c30239cefc0bc5ff24790c4688536d9d7a8e8a1ef75e03bf477d405802aab42e259e295795f2ca815e10859fba5748bcdbef240f8dde3db35b1ae0be2d2bd082fb2e0f7c3499c75327eccb97af32f6af345ed71f1835da2ef4044116d5f0d8a9c722f0b74a36188366cc285fc8f012c85c5406f131e245942
akeem,025e1016ec0e294e7a4f162eca779d9a170d6f098182a4c48bfc03f5ae2370b0b1,03f48cf0521d88db755a88730ab690604a8f1a473898a7ed4fb219eaed596b1e309185c5027efa940046ed7cd4d6e9b375022e3f18dea8736746cef33655170a558cc65c33e0afec29f2406b59072f8a0ed81cdfdb890e2fe01fc3bc5a694e01e73ed3f8ce62401df4aa8a5db69d88ddf1d6f95ca8a872a46697218bf63c597062
kelli,0394825d3ea775e65d628f966ede1d6ac5987b367e807be14d500f5e2726fa3fea,038bb41b14a3c5f25780f58671b95e998d69717a2216d0273860338fc726aeaa4035ef33294ab885091bc67c5a65bf3610bfc031027ee3312cd44e29d005ef1f12a9600e23cd05f0b56cfd2d97a7baebbc98d8276913f15938257ff0d22ff145272bd2b52ab4955acf257e64d88330d8ac648646e6daf658899b5cea57f421915d
cassidy,03023b2d02dc079d52ee95be37f3d17162cd66faf7e14bc1fe883bf5ff537e3eee,02c3e5c651a654efb94f8ea06debbc35db3a39cb7626cbb92c275d5150be6fdf2e78bf3505ad0c8846f43d9f92ac0a73420f428731f8b6f38683848451d83a93e6b027a820b20964a4d4f5c0ba1a8a114a97fc34805d2bce005ef9706708ec9bc30573ae5ad714d3a9816b1ee44ef53fc2cab83c809e074411366b87237b35aacb
margaret,037b591ee9600b81b7769f85aca90407622712e9157cdc0042e015bb167e3d608d,03f71a46e06a3d66784160e459eb71054599bc0cdcf0bf6f4850d380d378f2542b941334b9cd3b1f557290e3eba43ec95ef0b6d8a0835995e1de47e50ec3da17adc1474c14c80992e757ee4c0bfaaaa0d9859d99d14c74e5f2017dfde8624fd699cd32085b1d4c14204e0827cbac1fbb3547f25e85c994e50b1e868233c3e97c29
winfield,0266f0fe17b7fe04ddf8d347280b9b97844a6404a216a8e05fb86165d7642ebec6,0346bb2389117567f9c5a978015f861fc19d4db99f9216b838c9e5501957f4376c82198414a824693ad0cffc46f95501d3b1d74040405deb4e4a47a16b6c732f7c8137ff636a9024b81124b1d354c7111f3a7681a0acb2739e1742376ea87072565e48aef780db8392558c54a449a5ef23a3508b27fcba7e0797bee447a8f3dcea
name,0244b171fb9fff916401443aeb25a557d2279134ffc31c4ee8dde979746cedb226,024f433f309feed39b3eac2a1b978e594d64588e2181e83ccc827adca7a9ad415e28802ddd4c65271decb9425ac249910001907ebaa007fd2a437f3fa8241cb8dd829feb72e1ddd9cc9455289a9466d33c9e4efd28f90bf11bc4bb0a517dae8d3d286e34d4abbe4d7fadcd6e1b3b79be64501ca512c8a6a65c9fbb23dcd555a95d
larue,03995340ff3040876a7a0fc5488a41db461621653efcba158c2214bc0a760552d9,033739e1b805c2f4b9b5824f90c0f25b26be2c4c800775f67fe665e4307b18c6081451446d99504ed1fccfa77511cd55ffdd3a5dc7986c5b7ef6ecd976e09898a0a02f5e2bf4b18918c3f99ddd84d2a201b2c48caef1f0a28df6c161ca8502eb64f149158f0b14fb163a0d9f22ce95c88664afcb5b1a35594108569a0232222893
jensen,034aac69d3f5e63341c702c7fec020168a984018f8ca46044eca13d7156a9730f2,03a15dd7d6cf0bb02bebc71ec781ede0e2088d3347ff3e3566e9fdd7f055c87ef7fdc3a19ebac6f339f178def34fd4d55b9d507e7b3cf9e76b71e4dfdfb8fcf8269de9f31dd0821dd78e0c5233cad04a49c4b999dc8430e3b687787e6401006ecf07a780b191bb0b295d1c64836db39942154a27e134e10d40e6afd1c282f8659d
ernesto,0307c3293ef35b2562c03b4649a82f3801ed63be2285c7f864e6c5c4e0e8c7878c,038fa172a49ec664f5262cac51ef71b5b4f80ca0737214dc3d821a260d77b9290a4d4f33689fd7cf022b23a8126ce01bcb0f090e3c06c69efbbb47082a28f36bd4345dd7b03aefd15737e995e863bee80bbba5463912081324b11480681726358bb99bd6c5f2ebc351e0a05379ee0d91104afb758ae3f1e20e94ea692e17e84350
jazlyn,0297e2a6d048f9d029dca4c5ba93cc3cf49c4b113a360285e1b09c0f911bea7614,03ca4eb56ebdfcdf161e3722817897bbee001526b71b5da8d8d11c085906cb5573807ddea30f06e21abad943b2950e8d0a04d452fcd4808f8846a44b2ad1df725840af2580771d3ff5a791d83dee89079468de975157612f8e7809b0795590e5dcbae0209a2352b0073f4782624213c780b8b18bb11fe2de2be67cbe8c99d44b8a
deanna,037988105d6475915a1812e5d2dc409710e3a9ede061f94e1ae993d5715cf405ec,02da13f2237ca29da13b40fb18dc662b168e361c9f342f50be90b4e9316d19170178b2269e147db830c9d035f80a887495470f5d326ee858c2797c1cc0b4b90693986921cabf228d260ed7e4eb7c0fff9a20360b5c4390ac2a39db45e0101e4f910274554895f662258559097f6c2e1fe16ae815dc561cb48a2f2efa6d99ae2bc2
vince,03ce85eddc93f9d53d6b0c869fbedb59cb4dd5c5c93383381f4de6868a043ca3da,037955e7b9365697c1cb571f78218522eb7e069466da6070948b07ceebe6add532d7129a9fa81d39a06c2ea9d7fad5382f99043a8c3be83f2ee28f797aa11682f1d40ab16cd7f281a944dd7382dc5bbdce6e058c7ffa61892fc7122f3898e8b773a2a8a1e621d1121e045c378f1cba97f9088cbb26a376ec823aae468ae05bebb6
jess,026e4b137060694e048b96baa7ae755b2614decb8e7b184dbcc03dffae236d0d8a,02e401560bcc32bfe317c84a159a8f82eaced788423e3a9c38968f21eb34874a3d5f978ed01cdf4a3e1303a49480add3be17fee9e596fae21242bbf7cb95b5e078c2ecbdda0b9ef7d8c0f08b0608859f531bc71be108626abdb858f5d15ecdd014f7ad53848b35d1c65f4305df9ca08b02858769cc0d25d453e0ccf13fa6b57c47
verda,027aa9c8853386466c974d91ecb0ec5e257f7ddc1acfbb2f61865f5b6ef91d8255,039d98479293defb402ce0d9e0102ba153e7d90b79dc650a2dc55f4756536b91534824c23d79e67b1703665606aa0086ddb1a1df6d4a95a8064eee90ce4d6f13923e4c9f827cdda621dcd38a83f73a9ad3146ea9ee2fc326728ec7c14fb5f4190ed03dc81d20f2877f45c61bbd209f195cd8100b06b340a18d08aca1ca5bf93f0b
trace,0235ca3139a848e137fad761ee6e7f62759c5345bcaf088d8333ba5ba39e513028,025b4635d3c9271a7f45b4d2e3f2b469dbedc6cf2de3b4ce0140e0dc70607bf655764a7f0f129c37d1d09d3639fc675e2b7c3803ff2e40378ae79c51296f5f4e36462a612db4509d8ab12e562c9a6ca3da6780894f69f131328aa21ed3ff9505351943ea09ade7f52fe1b1e92ab9ad550f2ed8aaa31d646a4ae2a94a66e51417c1
tyshawn,02ba7add84b174d19398ef6e755dfb627f996f86fe238da9142ab48e6ae94d2ef7,03efb380a8218b5d4e42c31d47c731a3758f59921555be989310faa88f2948c1e7ba192afc4d61993e42c278dc8f861090bbbd55b7c7d11057eae5009f5fcf1c6165f3f33465e9913a76b43002f71e03ec6eef0e0f40482ae7a7d6fcf40adfcbd9ec13662517db3c710ff2c6bddcf870b366a1d300f2ede7acd75d083c5433451b
alanna,02f835ea387a9ba1b570c75f62fbbc84187caaba8475848d47406942d0b2343486,02ce2e4f03b041776f481ac30e616536d2b56c06b1a4f677243f74d1665f51b189386eb49d576ea0b10bbb936ebda032ffa00c7bb5b6495d92ac133168d0947e4a05aca09afc769b3b11d8718077e070c1f0adfd6efee12b815b5517d8d17ac32c67f6b397e22065bcf494018cb16b820160d26f27a2b14b035d9445dc7737439a
bryon,03b7363ed60569abf3c90d77e1043c1a9b12c3463155e208a660a6164b33ed38cc,032a70bab91d4c67748b6a0a953bffce4e89232e4af59c165c84a05814b43dfa5a9f528f1de00ab4af66f69cc66e728f2d2eba3c29646df7d2cb6c726094e679398d534e0bbeac4de1e81d91c9f66b207eed1424fb89ec8731795da5dfe6bd424e70d97c004be6fc7ee5349f1acc0931e65e8ffcc746dfe856adbec43a1c9bb00a
jeffry,02560f5bb0b4cfaa22f9886ca7f1d211f680b121b08e7126a2af1a5d90366f0d8b,03139b374da8da95e99f1cd28a28334ae291c38f43849d95752fc64be9a18aa8a9ec7d1bbb22a499ee1457e1f6a12ea684ea01d81034f9069f89967c0002c024b8075aa61e9779cc479079fdc285431ecfd1335f0823968d234a48210e52a808fcc29320712f49ca61cf9d70c1d4f0492baeae5b58073fef6d37fbe9ab2de85428
lucienne,030cea9c03ec5637a902ad5b616afbc2afd970744d0cc1c01c360c5917bbffc202,0351380653c3ab71b96fe8a1efb807f9894d03d45f707008cddd7413eb81af86acfad652be4880d934b0adda5c16e3a764baf15ef6307d4a4260e4df2e181a8c3fd631d113d83c0fc6b48620693eb9054bd67ad54044b19c9e35d17ee8b58fee74d38efa5dd24be91825834074970561a42c147821c00f609da3efdbed3d9378f2
anahi,02bd80a9e33dadf899a2d1dac58ee2f8678819942416d57067ef6f35f6c6524c90,03ec3c3493db84082120ba4f27d9ce6328930a5564088562989f5c49c5ca722225380929a82a6e936ae6ab24cb392252e775315adecaac355f93e78b1541dfe8cfcb995320b3d8f02acad328750ffa617f8405e936e27ce8f9f34936c07ea39949277724df00ba1bda4b1a7c7eaf1110b570ebf749d19a875474796115f2ef6016
cyril,033c39b4354784eebeb8bcceaccdaa6c2546eb10d986c0e25768be1ffe98930039,02b7eec337389c4a4313d700d34224966e306990838017b231459dc7622c9cd46a91d543a44da8cad4c8ec39f4d22674642bb898343782807359208539335629bc1c34bc3cf48799231998c2b3afc2ebc4a311b06d6b0fbf2110c3a62d118834610e47e57c67ea0991c3816ea43f20dc9b8c5f206c0e9787f98e0a844497e4256b
jailyn,0275260f0a0612584418e053cb6c6b21da8f927f71a951fffe17eb194f1329f6f2,0214830f3ff9e5235efbe2a9a61c128888a5f9d611df5cf793a6e412093c90783eb7aa4642f5cfda829826f4b11d41bda381d0462a1c2b4853490414b9340b1a3d905263c4b4d8571cf0d237bc339014f8b3a4111f452017faf6f9a4e4ace9e866fb4fc7ee30764e840aed8209028888b2642e563cf46ad76e877f11c98f23e1fb
general,02d5d3f9eb92ea677df93303b7da421079c9b08650fa9563c0c56af179e0919620,024990cfc9d6c85b0c47944dd44814cb9035caa14fea043f6ceb8ebe63f5c0d9341bd307a1f032a2d7bff86eb7c0514ad6e57110ac17bd5e6cc0d48a5aea0e84db49aef6fcf91357501dcb5786bbb4e39f22bb4145ad56e0b2a1c360e8ff51d8dcb0862b944317e25be62c85231051ebbea2c8d9c463cabd9843beb3cbaacb2df4
alysson,02baba3f0ea89e1d661fd08a1e5a9c0aa98e5dcd1e7d062dce4e07699bc67ea868,0201702de2289faf4dfbfeb8189bf35cfab20992a6f296c5bed18f71b125d597dbf81cb16b202743e5563cd54e3a390f54e473272d9ce510bd481df4f7930d77085692b0df0f62e700cc1466b486e3a448580dd54226603b65514afdb9fdd277db193f924e05d1cf6da82868ce9de29039d973c78cc75b5fb2e5374d7002848027
dora,031e3dae537625aeec73785f96aec00ea993bf22913204ef26400480041b0a44f3,03ca8df220e4505ed330053707e69f6d1aecdb5fb4888ff5c199994a83553c7cba6151a6b0b5834d8ac92d5810efb50afa00dcc4fca74e9edf2b44a9809dc75993c3d548ae60340d4be5d9ad12fcd304bbeb0b8aa0a47c7636e6c1ac7d0340a2f0da3d4c0536e87edc674e179514caf63a3cd29e880dcb826613ad9669c31b64c3
katlynn,022812e2af84c7244d3cf5ed68cb1f35e4ce3f25fafc7ea67f004fd2e9ae38b085,038a860c51c31a4587b0248adc86e4bf36ea38698e43d0e2b550b59107c55ee2fcad257b131537d9a24afa424b7b0522f9fde27273775d8765e1e99fc89cf290770eca0b1cb27599c26114fb8f6d52e108f6adc6360905e09f5acf7921cc58ad87012f8d37ba143e852156381eb5260975e0ea4a57e7324f19094669a97fe9509c
amara,037cb4c8fab481c8567e855df132eed9398d21ce0186af5b02508c142c82083ced,03a8e6c401941e8c5fb99f6b0888d5e6661519ee30f7509aa8f5156dc7ef3c25daa40fc86026aa22a67546430e0fa4666ce431aa216f16c01e30e903b61ab9f74705ae877854e112e4a35791847d4abfed8d8561b2a3732e63870347a9398f5d0e5889ca6f5ceecad671a471bb9f5e022ecc08e5e8e4b11e48e627307c1be58884
ed,03581e8191986866c06bacf7f7d9872c97e91540300a7e101b7a2512a9965ade43,031e8c0478fcf449f876cce022071e307aaa5a01a4be10ac64758c41ef165278e14c10376161b24fa7098bb467b1e6d5c28f734bd2a023d33cebd4438e25d3da6ee72004018bdd4b1b4b95c9d86ef67088cf6b3da3f553b99d890738032b0908cb5e961aa31e8f1febec2ce5e7b35464b93c60764eb439f827b627e590095763d2
yazmin,033e8c421257db3bc662a7acbb98213e63067e7a9489ae5f0e3d0787f8f33cbe4b,03c24b8f8bdce49e327eeff59541543496323b0f24274474bf6107386fcc631b55893a91a69f172963d018fe119047a7904d643ad932de86f168c3d47995ac79cd7274e029797fda52cd9238c7e776a8adbd3ff5e78ebb055ed8a3abc913869142968fa55db55464bb5aaef7b8ffffb3b51d28a63acd83bc1727391ff8e5dca7ca
nigel,03a46404fb288f19530c18a2cf2779d39488fa6855c4678c287396e80fe7a64f01,02129f7ec9f2d1f3e568bbce755f75dca19544c8a2cf36926d72f5932fcfe1a8e88f05f20b432d5fdcbfc765aea6b4583203025f13b0066167aeda515af2a1ececf488a6a672f8870f7f2033122f5c67b269a503f653c3ce199ce00e8514777b2f18f4e855a0d0f6cd2134432f1f40737fdc78358c4ff40bb026974d93379b2926
cletus,024b6f3269a01a81948607eebc9fbe52372b905a2fc56d430ea5710e3a523c72f8,03031f5b61c566b0503d10b2fd246d37ef681ef77648968dcb1805cb2df3957404d573166240eb86516f090f9a51a7728e567d207f18ceecc1633b46b29a474ca205d110e3fcca867510de962531f714bd4503321fe374710432e4f99fcc7ec05842924d958cd5dde3ab5a97a030a19cb606a06420277b6e75423b51599a477311
barton,03a6b90b1ed1a9af1279bb39bd8ab44a75f12d982a7f566345836336b2a48f3f09,03a98751cd2324bf7d3aacb68c7a69b246dc952f628c1b26ad09a3f50e1d07fc01ec01072b1e414f9e786ad9d29e47049ecc1e89ea0afabd50bffd1c918f9da86952886a4719e17d8cc15e9b4874465b77197bbcd8ce23bc43fb63f0c0d205dcca0b3852351b39c3176d95f7957bd985d84d1f0a105890106588d31c2c4c30f179
lila,02800bddf08d12926fe367484a86093f37ba782eea879cb833ff9417a6f92efd62,02c8a36fcd0da82e7538bba03ba493522365b2d625f92851e6e006befacc12053f2b5174733af6ece6510c8a2bd18c267a993da2172470e50656e6b8e71bdee2c36e891c134446bd90b383199bb702754948327c07e67894d235aaff4f2af213328bb2ef75555f52c6f51102969c97e85a0d30a48f6f175cab6968f92d60a34270
junius,033988f117f3911fddb009215734527010845f4671731a2e5710eaa2f5b4787b09,039e9ad1f88f9811773c96571fbadc65031ec27aaca1af827c2094d3325036ae544475352e0e5ea3dbf13eb3140f3b4965967fe264f2054d520d968924983c4535f118a233e8b556ecbbcdfbbd95798891d30222fe1d5efc788c11ab38a04beecd15bf7b407c4e07e36f4bfd335d55bf232b40fb0966eb31b56378eece4ef8cc62
aletha,029f38774418a4f1224c27b4070fa73f3ed54133717e7479eeeba1a349458b5f5a,03458af636a18dbd691349d819e7da5b382c7e1b878013cbd58bf466423f735fd23add8c9e1f92aa272b97791af1e1a9c32c2445475ebcb8f357e3e8e23176eac3d861f59c6ff405f9522b0462d22ef35ca92f8f4f94b14a243f028805f0a19048cec145b781b93becd124c27a5d99b3a1414ba26e154cb46d088002c79496b77c
mallory,02ae1ff3e198de0800fbcfd47c608cf97ca8510854af590873db6b49503b6c2a00,02ea1a6f407ffc2edfaa293f2e5e22d92b7ad4ca68c351aab4f2983c0fef269b2d38576da6dffab01ba242b02396d36ce9debc0d140cdad04686acb122dc705c66aa20198bbaa2e881754065ca8f962c545f32e2410129e7b9bbb18921eabfb91925d5a5de221e455b59c4b603ee6b43b4fd56524520a0f1dca762cc18eed6e95a
lelah,03d591484e34a313ffa850ad3660c05eb1adc5f9515bc077fd05b98afd8aeac13c,02faf50c9b784866f1a3e43bff5e8477cfdf058a205f8a6e2dd2c2c85b2e39553c2de13eeb850247765daf897cd9af2f0b122e734448c03767b9635a92f8e0ce000e027ee4ff4238ccd04cd0c9e2c91e2c6bf0b711dbc661e57d6170e7e1ad209e10a2ccfe9d31291a9deb80cae784fc09d06fdd7f310a92bc6417805a9d1af87b
jeanne,024b7b849f05abb1915713724b00207e1a8724a100dfcbd3c17c7a3ab80cffed2b,03b4fa00847d1c0e5e4ea17f38efe1d6fde16447f65b4eeaa22d594b7b880c981c5e7881f5833958133ba87295f314c0cb5e99450e46304d23c1edf231f5c048e2400091bda90c8b4632b5bebfb2ce2d1866052c132178ec8c496d2a4463dc9910232f80116e8f41bc86331bec0e391d8146517c8dae03e2a59eb31298259b1be9
alicia,021820e8bf9e864f94f4c3bee00c513eaa330c62f0d7bc9f332efba278aa673ebd,03c69c5796d97be1543a4a7c25c100dcd9a755aa58d46d4a217da6009c8d2e4741f358a1ee5f08653f5bcc3bc78074f6bab3ce00fca06991c7481773f0adb0b310c2f94a085bfe090858f8d69df422a7a62570b09d521c3fef97f39267042c6c9b14b5cb83546021c538745c019fc52c4769880b0ea2d958680b70d655bb6648e0
arlie,030f83e6c7096de5e98980e41bbdbfb13711b23e3e31e5dd3e1fe5ccf848a5f281,0333a7319c6d8fbc5b3d0cd7c41ec38eddbf6bfa6d118c78acd7ab22d24396f1d133b77d62376fbac4818518b50019d68c8d53a5b36d394bec15ea016f12312e8cf8856d05b740ad312cdfc2870cd5aebfe8130eb6a604d4a087d3128f33ff4d9d7de6f68cb1e85538079c70bff92c7e4a3b55176fa944f1dd1c43c10136b49a4f
otho,039ba2a04ec4da049f656b7d2cdc85585ad0b1903a9def7c46cc126044a87bf36c,02aeaed9869472f9ffdfaa26b6beb4b0416b4cf060ebdae274ac96683a5da42c3e3ba833cdb6b8ca6560331bdf57044b7049c1b9b29487d8e522ffb48222fcaf5ba143f00ae7036175ba022941d30c436df0f72bf22689a256a28fdcfe36ce7b5034e40350d7ea1311259ea9701e4ea5640c93f98f240d7fbc3aa658e375e95c6a
dock,03737c3599803845b46a982fe03a1e1f7b18a87031f7b152048b54ad638480ce06,02c0104957b9081c6efcf8a1fd460b7e8b508ce942c87e1d067634cbd3a8b0e698f6ebbb3137e1ee0ae4d59de4b58f1f0f22f13791659924c4f6b27e3221a2344b27af79afbbb4e8d15e717ac28d6493dde2791b34099317ed4122b71d2bac0c3120479784cf59976cd09d2d04cf9f08f61b3878f085ba13380a4c060a3f841e62
favian,029eaea1bcf811da604f4abda84321cd95234e219bada5de821857dedfd7c98421,02e3fffc356deeaecfc03e09b0d1be748ff438cd58b90aec0b0d3b0aa478de33f16bb52dd9f158387cdd4cd2b1eb04ac5f8bb79e6e15f117afb5cb964f9c8f811ea6892ea4daa1ae30b4a7148fb186e3d08af3f23d9993e42248f4479cc2eb17a74cc9741f2118862bbac2a649fab22137333deac9e8b462dcf15595124321d18a
emilia,035f0d5ee00b6e9fb9cf94ba6636c521ec4d46a46f196a2e4db62c51e9a20d79c8,03b6050c5cfc2e6535291836a1e6074203ab257542d05dda0ad7c34a699ac8fb4d3af2e0395486e70380c27d50b9ae10506ba1c8af79c0ba3dcbfa203bb98046dc8db3981b480d44849a5ee196dc0fab22b887ad568e736e0e1335806d870d12181983f873bc0fdcb90e3966be85aa52b7aef90a6b59f1bff72f13f4d7eaac4403
roma,03e00cababd5491baa26f39eb1aba55e567d7779ee9753d54517166b1351fc3159,03ab08366163ba94cebd66819374c83765bd361a0313ba6b580d28de6634179ccfa1b45573a88bc0447bddfff8dd0a6b2819923b4bbf5d7f34fb9e353ffb47ba0139bb7365ec84e8c2b39844ef64f4346e1427b0d5d89ff93763e951333424dfe5dfdf97538501841e2171f4c99d06017dc3acbd228a90564878b812cdbc5cf08a
jessika,0256a6c9e8e52a5538ff68cccc09e85a2685bb1352eb22235b7ebb18e2227d0a0e,03a928abc993c74f1b848e5f8c1c3f6281b244a6113febe1229cc12e81d2b6359bc5aebb8589e3167f12edad4b190aec939bc613a61d08839661ef0777b4bcbd1f409df006495a1007d73be24e223fb4ff8817954477b37498eedaa915d28c375528cf642dc3703c6e7d286205143cda8b5df7d87bdf1e7e486f9a171587759c72
douglas,026a354e1a3bcade5253983d15de8f517b3cc8ec83c0247168da992c0063b2d4b0,0245d356118ed06caf99002c51b7204c3c0f2b16f2d9b3b183407ff0e2b611574193f0810d777b30fe425f8b916b3b252f84dfef754a1515b51c104f74782cf3a83b43d8cbdcff9ff99a0d5135194b6cb62796cb2390c2737765de3eb7f20a8f33692ecbbc3f49e90da35a0020d3543f39beadcfb85903a1c0551d4e4df13bb2cb
elissa,029a2cde8944657a388d5bf602a1bb193348f787b894b653ca9f0e5e14d734c044,033f8c9b5f91e19651e0d8211e892c327299922c8b36ff14e8afac505473e3b5ff9a4346da40df046fc4a0067a51ee2b434656241aa4df47e651c0b34a2392ba49e12f42c206b3e78faff6a69559400a68861c0a8608e2668754821a1e913df4af6213edc7bf4d5783610c56a1689954dcbd1330a965a96ebcaa1162d924ee3f38
frida,03c22cab4784be0dcc505bf4079911c093f1e43a1e236b8e988d4413f3ba8ee948,034b935db55baea0e7c85137ba7d2f6f899055c3f414c1fb6ce2168ac5967a199134fa7bbfbd9b34d105699747965a7fcd298a8ecb484fd92dae5d4948abc7335122a8b6b4b2568cf7aa44f430b481b508001ac588b80a034695027f4ef5713084bf0448073917c063afb7317ba6bcbb4924a4d06b340ec71e93632e5d86c3fdb0
vanessa,03f70edbdffdcc81e23e8080e9904f63dea3dbed461b9b1e508d34ce0528ed2d35,0399045562e27163d12467fc3397a12f2ba2f931ed5f286051d19ebea49f21f6bcd81bc0e93c8f9d0ab4c200eb232391f60dc609a7c11d302a857b1788b3788b6b9dce8191ba2bec9f7fa52ce5f70949d2e0536c550d5e56fe9e30c0598a60ddbb48e60a61ebc7947c28cfc2666cc32178fa062aa70a74d15792d7ca048445962f
lula,033b393dc81cae98fda4c5e59013f652d0369701546e618f0bd72ed1ef90398ea7,03c09b1b669a0225125af2cb654f1b560dc43d8e9e3cb2379d3d9c6822dc7becec50cf5e79be1e74fca7c647eee848851c2338b640281fcd11ac1d77f19538dd650523880409efd445e0b8f4f5429a4f60dbc5359c8f94345478a6ea0355e2dee14a12a58664f807fb10e4a0db81c8f877f514fa2d606d77ac78ea2b74c91500c8
karina,023795be96572bcc60213575965715a71f101117ee03d4150d415f40953e39f370,03dab9ba05cfc851ba72e559f88e5afbcbae34f409fe1b62a7dca225e36cf8779e5ac77e7380cb62fbe420329c1f3821e20fc405377cfbb1378b967ee2a468379221e694a55da66118b26e2205a96bdaf113cbc69c12b82a230836a57c5203bf699238b1e1ebcb0b6c108765b190e1ca21c0e768797cff7048a71a8d8ee43dc799
francisca,03591fd4aa45b2bd4460ca05a4b8c4387e73379aba823d7ed3dc3bf4b8fa8a7713,0370c9b158ea8c4de12cd875cd67f746c675c7dbfd8884808193ad708fe3f4d61fd97e5af058f6c5e1f3a6eb65cbf29f46a8fae2ecec97cae3cb5bb48291f7101a3bbb6bebdef84f5dde3de338653b87bcd47b058c6e19a9f47737af4d56fc84f452d4dcb4e6599288f0f367508db9e66484b0ccc4dd09ab49894809f71fc59034
larissa,024a3db287e3dcedd3b5f85670cf5391df2f65b128e4832ce3d96fcee7e9fca152,0342b7227e69d6bec53b9634a9ac2c0be8ab7e994b8e059f4060100ffbda26bdec55877a775aff11c60f853750cc6104aadfb72498a06c1b80be97ffdf6df21d1c352a9be673ad7ab03d7eef87fc0d566cb40cb9a4a46a10bc2c994667715f5d9245d9cca35330fb1e5db64e81254625a5a2130ac3771ad3a8c7eebf3c217bce8c
trey,02a5fe35f90b68f34a9a677a80c3d0afc0ef1920469acd8dfb9526472cf3359235,0289ee5fd1c696f2f59ae17e66ba44ca9d3fb5b22e3f1a0724702451560b7086416271034c4e0f073df1a3e40709a6f9bd6892625faa79f06037998f4b38ed0259f6ee2b37686a5abe3e6cdc6c525756f51e797c3ac0c980f62d6c26690baf23a6c3dc9c1a867e53ed8d4225b71d1e54997f69937771560c13023b5d579e896b1f
zella,03e7cd9b61189306fa077beb431f723613f68b0b567b000782d1bb2d4bde622f01,0311c5a4e4fc93a950fc845aa69e1e2a9efbc54386afb06f51faa7fdd45efb6468055c506c22c3def97ec10df4d35934046ce9a819b100bce15851ac7d658c722ab783ff500925bff2b72c82b8546d5eed57e6bc83f03218d7895e1fbb6a428e2c82be8bf0506d082e08ac4dce0bc99c34576d7637d70e7553eda21143bd4bf88a
murl,02dede7aace2bba175567c58aaea45ed156cd66b2ec41ac1ed208d11a3189a8a86,027f755d42dfe846b214738ae56c0321683ebf53dd33979d12506e9984ae950ce9d994a24845a07687f20db32cfcebf6e3ab2dd54dca57c1c4746b50c587a948bea4a24e26d031d082dbe62e8b22e1dfc230d6f39906a134536ba8571e309da5d90c7983f080120019a4c5003be024e7633997e587da650822787645824f0e51db
london,03417c1bb367ea7b9585777b95c3661c916a7128342c1e699c20f798e9566e7988,02300ec8a55713c6f72e10ae154d60c1e5d6f3b310930bd6435fa935e0246e0c600c9828cf723c88e81b21250c49ebc1e7dc371220df8bd2d0041455537b6b6a8416485e255e048b178e178b21b00af9a976c688c645968d35f2dc7ddba703c7fac3b2f183ac0994e8cc30178dbbc5658f94014980961c5655e6d3745e229aaa98
diana,02eed4be6985a6d4b2f19f70b698139e5541ba17f75f91a1dc4c6410d6d8942b66,0294caa1617a3908c242bb456201f31270b7c306edfc3d1de0d95245bdb5c520fdd3fc06e497978965e1889c1b2bfb796f69989f4ba7d93c9a7cf270da61d04fb6a62c4f069304a5302db5374f8c226baae08531a03ca553a262bfd130889a4c1b99a2a90cbd1fb6accd308b10c1d2ca6f74c7592c151dcc69464dda2906518b79
dena,02ac032c9273f557ad3fa1b5fd1afe06a507413ec07726bef9d0bd081c3911c6ac,02d65b9684db02bfb6ac9f67bcc106db5f8526bbf2041c99c566cfec0e7694c84b59292b67e67fbd12e0a5fbda3799d1dadc84cd77d6305dcd03ae9aacb6d086b495aeacd4dac7b6c36f5fcbc03eb4190a58021ab9edba775742b0c8c7e5b7ac13a1849e72858be29ca292fb9d2ee7d6c0a73df5f79015f387f4a0263ffa114f62
