user_id,session_id,auth_init,auth_finish,session_key
graham,565684d3-4424-4d29-888b-d7bfeaee2085,02b0bd60ed413598c35b48bbdc617d3d97f831e754d14fecd96a31666a917400d462adb30aee8b0e8fa794cfc8a0ae471f385706b74380ad29a9dd15b8fc09bd9203e0864eb8419fede350bfd22ff64f52d35d8ece6f5b6ef490d33a765254a4514b,e126e6fffaed1f1b93c299c6dbf69f233b1a083775b84866ca6ba3e9261bdf8f,d0647f4ac695a9c7c6393a9eee613a5860205dccbd6407410bf18a656089fd7f
terrance,8994e955-3726-4582-9078-d793354e4c61,02e4838a728acc16e1bfd65b03bcad6fb3645f28a011ce929bbf0f3c15b20a0bb2b68056780170c183363b5255d9344a1adf1a6a9bebf2c0cf5d3c6727f21d6f800285a63d34680588e908bf5219c52e85151f951f1224473ff10cf43eac45c81f9f,795cfaf69c0254e277dee53615d05f630e07b0b390e1799a73a894c98d81e4bb,0c5ca68f42805e781ec48e1ac18ff81749055500b321e7b1a196883111e7c89d
randall,3935861f-679a-4fd6-961e-255611c0b323,0301fdff2786c9591b93400d1e3cc363ed0643a3607f56f54df2817c4e38e6e2a9fdfff02b2df09bae4dbb64490b78038f58d7ebc5a23b788e1335c00f487496d003abb0ad45863b06dc0e8119a403bf774526bec10a30fb873db3c6567936f356e6,2aa738082050f74fb1e84a10b2f5cf976ae974528bd6b205b85ba302d7572923,9b1326a489f7f60d3105377b3efc628e410a94c677f8d9beaae26c4c7ecc41d3
lavonne,4233e32b-6091-470e-9cf9-a7a5610e6d81,02bb7cb749eb97f04edb247ed11ed2fee2266b81c0a03078fcff6faf6cf237268a68e52e0189b669b46254cb31beaac7143043ba600e6f9ac94668922d4b5c155803c667d556833474a61a3cdcecea2343b2992c1ff29909561de16dc618c04180d5,064807a95beaa92b6757d10294c27a7ab3cff8a85e95cd5328500c70218b1693,de22fe7913199d051c49d64193864ab20486f5e70944320a42173ff4ab5fc45e
madaline,6518cbc8-cb98-4400-9f34-9739e94a195b,028c2e85828099eca14663119f8030cf80b9aff5f030b24967dcf8fea1b85f43f8578488949518dd08d03cee29560712c566f182c75daa0ebcb0b0a5677834dd9e0305d5f7bf0e93f1a83f296068a5b6bb3944d3b5b8b086225348f68616f4728b7d,cb4332bdaed00b424eca0ad08ccab2348fb8beaa78164baf1b7acda8a3423c12,48156629cc859091a545b261756090c0bf412b8e28545a414bcdb5644b588a45
lambert,26eac534-66f8-4b9f-a8d4-65585f8474f2,02b7e3edda4bf1396153e49184726c4bc460a7c1940239d57cbad2306b15f4e7a1dcf2cf1f7f054b3191d31ae486f842bbbe0be71315fda508b39a37053f2b9a3c03dd1c1b32b28bc0aad86f3f1cf8a1b2ef3be78646960848227e304ac8e2db3fd5,e47f679e3077fb91ad2c54d0a412a35c47543e66691dfb54ef3d52365fd9ac67,ad443daeda9bda80e4e23b42e74c48e9f6b0660dbde3356abe6f75e38dfddb24
lexi,88665e58-4b68-4eb5-94a6-5c57994c12fb,021cf5a9b905e0513763a4ca55e753d51107a9d4a64215a15ec9b2edb98ef97622e36bf52cff8d90c3f058fcb5e6da8cecc6c90e1c1dbded010eae77f06530d94c03ac0d9d266784dba7f2d50702745a6c104c13d076d899451ee1df43f8de00cf6f,12ed10ecb89b99d234229b1018e287bcab4ad245334b8c61d9b441d46fd24ccb,b99f0bc500efe04c364009cd555e220f2d7f04052db5d041c6c7729c6e0e9989
rodrigo,c5fe6ac7-f6b2-466a-a51b-0219e9be4e88,0342104cd3b02fae1aa950fb12a9b48f3b9daa320db867ec0eca5b95f48edb96dc2119fe0686280d7cf52bffdfd7b91d4deb6ffc6ce8a1b585475ccc3df4d0f5e603ededfe72590575d9dcf15a53b812d2e6f1506d22e46c2869d0d7cd54c4f23e2f,11f3db84df23336aa007ffdcb092493bea95bfe90173239fdb162969a87fd1a9,41610520bdd8715b31892e17b09b451845515dd5bc765e70adfe1d7003bf9d2c
vicenta,9d9af377-1d78-492d-9856-58de6295f150,03c119dd64472594a5837a563be7dd663e875fd7ded0390773fe1bd1b701d558f5bc83a1cd289e1f50d3f767f10526c8223e535e13b9f9bd535e87a3f65998359f03b69d4ea9c61b692513cd9fd345752ab46d1712302721c7587c8ec0f1188dbea0,ef656e2ece3a539228dca97240c85351d832bc1885f2f267a2d27251fa894a66,7314408218fa4c2869d2f3afde4e027dbd0febc5b6af0367a7fc9b130e6449a2
emilie,3bfe2b76-2205-43e0-b577-e6265b4cd160,03946ac4ee398c0b2dc94cbcf93150156f12466b036faa97e865eb930b84db6f50c49d652e5b19c79cf6966524e3750666ef69af3bf02d85826aaf346bd6fd2261038fd7919e4178ec41dc95284576add2bf1214649b34fba6271f5462d8e31502fb,22d706a1864bc6ac45141ed1ecfc95b6d3a44232504690a956898983f3be03eb,4430887ecdd591335bab6a9ef6090a4a13e484275aecfe9aee20e593c685a5e5
karley,2693b1f2-ca44-4435-a34b-00e8a8ea6fb7,0223113d74950efdc3b901dc2c139157ef5a0784ce70008ee560391eb44b0270136925de8013940ad933a2852f3905f3f683018b1d94df7a51ba78d1038a156ef303130c9b947857f119ee0e94fc8c5e4e9a96b2a305b66960009664683fc6e5df2a,6a05e83e51e211eadf5c30beb7c49b79bc13ad4bcdd639a50d5e71fd5533f394,0f3ce340d0102428acb9445e6ba6e6c685665f9e3474255bcf84965b80752c85
rudolph,bd423844-0ed7-4c56-b188-371a39d86ee0,02d2b8b1553b6550423325760b0b2da98bd4baa5667448f45e5a68a72e33a29821db0ad2873a1610ce3e857a66ba8a08c31ad893ced6d721546c3c1b1aa9fabd6f03b891e1bbdf2e423d87eaf750bab728c1b94425832da8d73dab61617cb58937ba,2cb0023e9528777fdc316c7750d12af2905210c2fba446d5100c9f741308fcff,eeeccde8ee7dfcef95f470174a25d32d977a43a75490df98cd7f9abae0d456ea
libby,c7e14077-38c4-45cf-8bfd-dd90ba68b891,02c7d88c5b1fe394b628c446775a386667a77cbc7985e368a999f984289d1afce4f7b471826b1f40b88779eff4c4f793d0963197883cdcbb8027e27d6d5b39ebc003189e15c16f9c8d0620e46e2172fc117f3f588b6f464edf383ceaacce18ab2a44,ddf80b7edee9a3d4e4b61c89e51461d6fe449d6f3fa8bfe35d274cf3b8f1b49d,b5253b8a9c89bd4fb261e290f4cb03b19ace5711338c8be54f57d434fe48737c
rafaela,c4dc2e02-df83-4cf5-b4ff-a74a6fe7465c,0231b853d59def9ec8cbda236f840669d2b5428b2b7f4720c2236f342569b52a7372335ed565e671b53458bd41c82c1fadc2069cb42b186682a70dfb3aa54e1c8c03b1d725cf52d89288a0c35c055ff687d9033636d348aaad716bf087aa0bbe47b5,7529adb3663cfe2c58a63c77a0becc9ea54c16c13251be78682272b33a0b96ec,eb4e896178448d33684421642b20606402393846783a2d6190baec58d55dbe20
maci,e72b82a8-5f73-443c-8b28-d9bb4d9cf014,02fc58ac009ff639c4b29781f1f557d540a5dd566c51b98e3d2eb1031df77e6aeceb944502e7c3795c4bd2d95a56d38d5d8e8bdf8b8376ac521a99c836f250e40002387db14dde279849cb9e52e096fe30554975b1a6fc2f4af2d675633bc4965037,2b0426379fed60431a4d115cd09caa09a66dd73b1a53dc6717458d98f202c5c7,75159c4be9b798c83465af650b671d64a9ee3412d1e3d58d640b2f9556056e37
orin,a215d7c6-66f0-4b37-bc07-e7cc5999eaf7,038e6573c2b4f7f5c373af1389667338f04031a088a817c848d00d79ccf79f4f9c22abd3039996a4d4952ed1c3c93e5d08d6ea91f1860374f4896f136970fb1ec40208aca159826d43f8df32222f6da36d9edaac547132b4f85654e66eed80df8ff7,390ceea093c42ea51148b2d284479cdf842e40520a98e7249032dd38fc396d5f,64634744aff847ce958c5bb93996fae30a5b62810155569ea4133e6c67186a0f
melyna,4cd983d9-8351-4f51-8fea-034545d80a38,0371f5c794668373f1045787e5c07699301ac259062963be53baae71a3ca9b0000b21592e054571165ec5a821ecf108c266d7e974d4974d8936feacb9b06096bfe0359cb259d0d9fd919538445c2ac775af25764b248621de3e143e960c4577129f7,935c5658bfaefcb9ddfda7675840fedba1876fc33c662a43836e06ba495ddfa6,30371de62d256424f65202fa48a7acc3c8c4e6581290580bbb852f4aac53c9da
herminia,982d0c8f-f564-45a0-b614-5739c8bdcf21,0242421fad086ad18bb17d3c62ed80698c3e9dcb18eeaac89452e53e584ce177af38b2bfbb3b617a05358dbd42a08778e6b48367348f024e1491439534d51a37680318cf05c9df0a5bf2ef20f7e5629aad729c7b129942d247b0add1a5c664cf5e04,56b625acb11ea98945e3d1260414dcd7f3299b23f3667e050519cc848a2213b3,ac65e9b9e95ce49e504eaff1863a046ce2c70abb29261f72c45c704a16378c09
sebastian,c26bc3ed-ae28-467d-bd3e-b7fca0fe75a2,0273c96a15e935a38dd119d35c4ddc31ea7f6fb51e025b681ad1498a04ad22fb2d2aca38fd0cd55a9c7b79e05d3ad3be62c3b8419bdae8add68d1d86d7fc8be82902f5a5495f6074f1ef9b5059ac7f5e3bb77c01bb3e276cd2099bfdd8ce64e7c230,1fccb6c7490cea4673732b3ad1e78238da0087ffda3291c028927a01d2e77a80,fdcc12c3080de393e6ebb67c879309de90b29ae69785c3cd20c8f8a1236301be
shannon,d16171aa-a631-483b-9cd0-bb0bcb0d2916,03def06a30b52ddc502b4f2b5861c4b9b64ed284b12afa2ac48b809b0b82533ea300df3bc603f7fd77e48cfecf8fe767d17e2c65a76060b068bf840881066b1da90224afb3a3a10d056064ff82f580af846dc3cec31e060d59657dda8530c54a115d,f6c744c2705e71447cf1f7246cb92bb449949d00ede6fd2256c946da2697becf,ac12ac32ff44e74254e1439588d82d18367c6e2f647afa7eeeaedbc557af42c9
noelia,a6c3b3e2-693e-402a-8273-9367be285f5f,03d09f628f90d605a9f2f8a8f87c577f57a38c9408d3706214058945aa1e5b2a6b6577d5d2f3c4fab59ff0b53916d55a5a982f69923907259872c1c36d817815bb039ebf05fe5c2802c4b79a3ed6f3683df021ab055090e990b34f5ff573a47ef2a0,af060bc10e192d5ff697d52ce1d89eb76d37f0b1c9090f6cb6bcf2eedf9b1494,2877cffad51aefa42ca91458ec4c53d9e124fa6e6fd44c164113e8fafb7bc53e
ernie,c942665f-a901-444f-af25-6cbcca6f115d,02ee761997d15c04705f220206fb99feb4a477a397793ea8d317edb254e4654716d106c6955f2e9375381abc3dea4685c70419357c0bd15a95ad1cc065d77678f5021cf6c1509a466e62aec0eb31f0684baf76ca54a21bc477c13505c413b84362ac,9d851c9aa76a5862a19e5518efe3576bdf77236b78ba7f618a1f95247b180300,d88f8db09fc94820bfb837a8f9f902eb8ba0956950b72a3251596ab6f895db41
giuseppe,2ff3ec70-7f12-480b-8d5e-e364afa893ab,03b7a6640ddc9904bdf8a14aee6e5f15fbd9872b205aa9c3d3edbfd4425764eacfe5b0125b8b109d8a006c37d26a854fb1b7b6bb62607294aaad7a1989eacbbeaf03155b720884ad0236607019f96146e5043c48851822cd2a1c1a5dfa9f71b025d6,5e1f1b40602ddba8aad747a6b66f34cbee30db92c04304953c572e5928a163c0,c5f02c8650031c92f212e4ca7136ae674fbec3fb68816f75ff80905366e6ec6f
westley,6a786523-c7a6-4f2e-9377-62b259d94d3f,03093d4fe3caa18daa98dbce763bb855888b24a7a03cc4352aad4082c5a328594aec84f72b057bf6e8fbd8f76d20558fe417c5f5000a8e9eafc072ea028e984c2202113b917a8e2a8fad937a1257334ff76dba0a05e1467f38d189dbb9f59b6389b0,31ac4558235c15f7c6129b39fcfd504ec25742bda23ca9aed5a205ee2c2c6748,50d1d4029f1c4ca0cdee276fa9fb69d9376c9c6fdeb8c16be39c6da222a8ebd2
joelle,b35c0764-748c-4d93-88f9-c84a9ce416b4,03f506eed73ff13d6cc4188bfac0dcdfeb086491c7550f3fc96c51e7cd35fb3296ebc5f94d50f226cc8527b87a861dbe56e734ea535b5f019a6d9c53c527a91b3a02c14daa1ec8ac4720972afda5f9645be538aac4e705a7a3f97eadced4d76dcb31,8df086639acf80566e4ed4bcbcdf64b6baacf2255b01924f02e1a289ba26f872,396ad0a5641754bb932dae12613af541d8e635b3a43472f0dd2ea19ec876242c
avis,c62fb612-e1d2-4bb4-b559-a824a6cd7fee,0295940d85c7a3912cac44ef1f612820c6b9e0690e276c42b8849dcec4a562fc6396eeda2564f53f0f070e050abee84d19cc8ea2d355ce5b01449b8b2a502a270e025f4b539e76ff80a746f73383525d69851a8a9ab6876ba3b65707ee1753ccf35c,7d1160cf0ee6ece25f52027f1e0109e307c3042a22e38f62f3ba7130922a6088,badf70b68340c3b8e603a82cca02806563b9abddd5b8e7b38c01d68cf97ca292
pinkie,9a35194e-eb35-49fd-86fb-d5b861b19837,0201721039fb72387f7c750437316744aab3fd625197bb98b0e3bc27be9f98da3b21fa750e0b3957940fd72a55412cbde2a75251598faff5989236daefcc3c58ac021304cb7f8599602113a0bb7773660cca0a2b4a16674bf0f6baaad571997b865f,37f4c10248b33fac36875e0c9b1b69d0d889c30b167fa80f70ceff0da0153d99,d878d8d513ff6221262e9a5f46b296ec9c21d393a3df2e58da10bf5725646d4d
keon,ac24d1ce-775d-43d0-90ea-a7b01406c738,0387063e6070b0963b9b790d6b88425827a75312ecdc5e9701f5561ce9be0ff70839e77413322a67bdb63e1877365e401b0599c3567abb8205a550bad1987c75ce02416b946d958de51aa4fce1e9d9437bb9936297fcdb79931965fb8b5a33b2cda4,7bbf1c01d7922c9b2025603525593143a54bc1886f09aa6018491ec025606ace,c36682418f3e5db13ba05441c95fb5f667648c0ccd68cb05627bfec5999ea71c
clair,7a1f9b48-9551-40fc-b7a9-9cdb643cf6ea,02b5d5ac7146f4a38368f7f786cfe6b2dbdea893d0eded90d25038e02a363422543c5fabcfa7e96f0d21fbc1b4ca8a132efe90c8ac50322aff4d4ec954087b36a503b9fdf9b57267c385e26af5d46a6446ce1c32a89056b532ba710bcdfbab1a11d4,f3e00cc6501e1c174b7628266353891b4784dba2c57b7e33594945ed18003832,d4729dea167dadfb6d73a084a03dde09e203709e8e0e4d02156afd2ae8497194
christ,c7b3c477-ae64-4e44-9e42-d181f193ad07,0318058870ddc7bf57e84ed6130220a56c1bab24d7ce158b57e40b651e44bdcef76d84fda9541cdb29a1440873c2f93d8e4214c57a5aac0ff942734412ecc2495a02bd938d2a658a092c665d360509487fd18e38b6aff47c10721c9d37ec442605a5,634ed3fc24ec1b91b41e01e7336e095127c16ec5c19129fb9aeae075db737369,2ecc4ee38afe1da236139c99a68a3f25576e895d4a6ae6607bded13111d860b8
lionel,bb9013d3-cdb3-457c-8c7b-3cf9355dbd2f,032ae1b878606a9b59336be0b9b384ff266943c77b48a3867bac979c56d5725b7ce378464d2f639183da1abe61f8d4c0ab4555c0e6fcb6029fe96cc56e09bf182e03100745dd55a2500fd3225c73e4d2851ca54c63e0fc7ca846b709c7727c9fa78b,b541657d69781a101da31e8b726dc643fc1fe5d2bd173dbce545733f6b59b97c,a8db39f7093fcaf5deee3777aabc8de51e62567cbad712090344bc599176f31c
sophie,0bb5ed8c-3d91-4ee5-aefd-967e77ee6742,029f691397db8c36ce7edca176ee059082907a769715ebbc8d8b3d49019a981e32b462d2161d873aafe4ea43a492f673f9030d2a41af8ae3623e4c6e1cc0855ae602361956e7611d68454b0dd0006d82a401f1df16dce223c36539c285af4ed83733,15cb5f6f4b566723c7dda4c609bd6410e1a62edb837d5cdb5d52dfdf30ed69de,068b5d43008fb92b62b519d42552c180986060db5143ef24959a6148718b5b3b
nathen,5bde4fba-ddb8-405b-8dd8-e3a3643a30dd,037e9d24dbae1c9236ca51bf482dd86bdc184ce301f9fb4866ad8f5e4010bcc0b18a394984d382eb8e2446213e5336ad59a03f69558a42716cf6e014edce35311d0274bb2880e3b422e402ecd85888334a15e35503d343b4d4dc0066feb12fbe75c3,edf5445f2030ba53bcc6cfa56930573ca0970ae5f6472a9d59615cc494b9be51,6c1ad7892624210c9ac1f4ef42acfb9cbe53e334bbf9c39f85a740717831d298
oswald,611cdfa5-8824-4530-967c-65de819978c7,03bfc89dac1b0fe5e48345665c3ee1ed76188b09da180c8bde7457776569b944e2f2f532c49f94fc4042fbf2f3cd45ef3ee89d3e8327764b1791679be1c87fb09103bf8a03fc2c106faf350b29b2ccb459942fa0f8d90706cb7cf46e8b905b4e5a8c,5082c82c869e06fb4552dd69eae9d590ede8fd886f6b3058efd5337b2925c4cd,9668a58ca5bd8bbdea795aa59a720d422fa417e7668344eb80d6c8fa9ba196cb
brooks,0bb1ebdf-a3a3-4c51-ba9b-5088e2eb3208,02c2034235480099a7f1921ff14f93c8b26765e50128e3da8a0b7eac1cb3063bd3cc8044c8ecff09eab8b0959df3cdf66e5956f657ba6e590e29f85adaa705807302d2382e5436c9f5c70b28c3a22c7173fdf2b5c234a6535850176136b25b870030,69d94eb4f43ba32d6c9885d721479b410cf4e0ee141c1c8a94ea7bc6fcf2917f,d52a3026f58d2a904165804f9a082474d4226d94f14a9b62e1508dde22f2ef11
willard,9b4e70f6-1310-47d9-ba20-59b4db4c75e2,0355e81d6a4ff0f67999e44c53a537b95fc1b846adbe02fd6b3a473acb328fb6301fb864424f5b719fb29ed9ea4e1218b8cbc58cebf77404604fc374b712665ce1038bd901e1d27a0edfa7298a0a6ca2a8870e369ffbd24c613e2f5c7c41a55677ec,e40d058e6c402fc40bf1a8052eb382262394ee140051b41e3aa7717c874ea593,d69589a9038e0e3b87f4c8701fb7e34fb0d6b5fd972a4095b8768abcaa94ed5a
clementine,ccca012c-ea6a-4d93-9e90-44b20dc4d7e5,02be472a3b0f8953ed32636ce00c64d5fe935e8e794dbca54890c5197a34102b5a933febf84e119c0c72d152d6e7a316cd1f69de7db3c05ee7273a508fd81e59d30227c29509ceeea79b3918b45e5d02133144efa2a79ec8b0ebaf895ba0e4507659,b7a1b54245bbbbd3af8966749def293073e5f44acbe58ec9954b91f648cf0fc5,65074a75b1123afc1219546a663dbb946e7430c82d665662d08e7961bc355141
kristopher,e76c1552-9973-4502-b516-41e2bbbc6d9d,0305b1a3c24b85fad458cf9e13d686ab1e17ea03ea3909fdd274e424d5f473971b4f56f01139514a8348f74706c439de4159781f388ef29949cfb3a594e691d92e033706c4a3dd7ada1371d2946df4aa2365e66a16b30536364459800d9cb24b0c8b,095c6dbd9e817073756111143f7849ec96ea08a8db52a10ac84f57b88bbea843,cc0b73f4560b14146e227d0de0f180e654d34066513626b769c788debe21030a
geoffrey,96ce483f-b5e2-43f0-9db1-fc53c736f417,0222a7d9e06f1a5b4f05b9ccaa5e37188216c693660a71f122e01a2f256516dcbbf9d19e797e24b0b07c06be30a0302fadf7816dd801260cb8be1a84657c75ec20023965a03eefd0444e05cdfb86b8eda2c32eff5bfc15b25251613cbff9428f54a8,5e79f3437760a217957b927f6c9edd256754fb151bbfdaa895cee622e3de9740,45bd1ad30bc76d38c94db1550663fcc6b82532b6f4fe56fa037385aca67315b6
akeem,be14aa86-3b33-4344-a3f5-a6987c4e8f12,0230c8eb7150911e3db92c275d01bef95f0c402a731fe28b6d60cdf9359d77ce8f08fbba5ced7f231cc9ff6ee1f2bbba9870821560ee044027964928ba981e374a02859d68648f22b09582e4e0ba2ceb4c98586ddb3d7276b7a7d54390e5ba7d83a0,f0edc6a99b2623ffb6a7697fbf5522356a3ecba4d7484bdfa00e61b94f4fe764,f247e6f35a4fa6cd8cd3f1dfe23202355b4ab9c3200fe4a0986ca56a3292541a
kelli,36f59bae-ac8c-4ab7-9b3a-0dac7cc5d724,028b8f0fc6455dd8615014adc4d18c7d7722f9bbefd2ebd890405b7a5bb6a9ba813ca323964acf2a96ef7ed0ab51de729e7b7cad8715e57e5e1bb0e4e5453db6800285ee3174910a56192e8d449470fb42265a9d2c7ba61329e7af9c0ea86e6fb2f2,b565a798beb8a7db672fcfc9700d57e8e038fcfe1b90fe58fe1d3edd26a2dd86,286e641a0bcdf1f05cc292d6cfa47d6eb24211a3406fe8aaa56b434a1bc14a38
cassidy,73830b4c-c7c7-4475-898f-6285231e6067,021db75367487b2211d9d4cde781e3b2067d85cf45cb8ea349d0e78da248d49e2c1b275dcab6d243c3462f949b05ffc72e29866f90f17623f314602b98eba4dad5027b29cbd51ce0a8b3c1d31d3778b8b3c2c2224f90cae375df2364fffd707e3bc9,14439dd133d833990670eeb7eb4a326a885925890c5421e4fcc1d0f024acdccc,d90bfef41a80be45045a47ab6bfb8a83bbdcb7bf3ea9eaad64f67489d54c6a94
margaret,21d9522b-81e1-40aa-a09a-7e47e03e73b8,0236d4f43732393ae907a0ebd3cf8d9a1f4c2dee678595037e3901c3e5b501180c836cd067ba5aebd994cf5b7bb94689b3c1d1800c43ad1eaf40bab3650fb34795025e5d486211592a2ca621c125ab5d7db17fc45391f5006a151eb6ac9e929f2b9a,4efebd172d297c18a44b2e65f53544dbc439c685d5df090b3f99e071e92d22d2,3a4d653bb52b1e0e5354e6407953eca6fcf207d1a876421b4e674ef250cefed6
winfield,66312ff4-dd2f-49d8-b985-45443b1e3076,03dc74540249c550db71d0a68f11cf51246dce5c94caf9ef06066186566c53e31b7b82f4939f31e8042010e841493ebf41d43f243bb6a2da3a35a705b104e72d6a02a71e515ba5fc5499bdb32133a9ac475cfc1535e8368beff265dbc0978412e94f,b5a1c9943e286d669f004fc3c293623ee2f4eab9986a38968ca995f386fb017f,38c150a7d2873417d2cdc4300b95d98a0c08bdaa44f8de3e9f0099500765ba94
name,83fcaadc-5de0-4b05-a9c4-608444b8d8fa,039f8e70e8c555934892869ee204e2d27ed046fcda14e28e4a2e8a25f508e179bad11cb4a3e8d4022c36544a15b4e9743795e47fe4117086a11c6089161e59e85b03d4920fb8e41275c432d7c3f16b9ecd3f87848e52f5463dbb7e7d65901f5f6573,23342e98b96c93fb72796c02597df0500ceca99a8edd0df70bee79b039396cf6,4f0d17b94e36f7b5363c134cb37bf048b9bb38859d250d9d2927f374a0f99ced
larue,cb1b469b-957e-4694-a2bb-5123f68329dc,03ef4be47584f3c3838062860b3cdd93fe0712eebebcedb5e28322b9a15c41066de091f1734c6d04c591eee659bfbf48e6753494aa67bbf5b2a5f2316971a09cb303210a0b60f1bb0e00853d234f5c99191c825b9ba39adc0bfeb00ce498c22b45f3,2a48fca6c2d6b4c861e491706f5ae18092d83d09a07d9e032c747d36e9f1d8a5,95bd70633f357cd57c733aa23b3af09cc30e26525a18e750771ce1b280b3fc80
jensen,dd259af3-c402-4a26-b2d6-619839d90bb6,02b589a5d04878972184605828ddd08c9091c94bf31ccfc2746f9035c9f9140d4644674f37ab21004eb7d603bd9600869ed57d470a228534a79464c311c63ffae3034f0f32f06a03cabba2659cc51582578ba02d864c8c9cd342db1e284ef4aeb2cf,c71f8db04e2d62e76a85522ce1fadff900b70b3a15a91782220f0d4f9b5f2bfd,d9d1803779d4bbdb0d7c47f6a878a0847522e12c320584c438b4d1cfd0769942
ernesto,ee41e16c-4f24-4d73-aa09-c8a8c66a0ba7,032547aa7ff0d6b54eb106e7dbfb22492b859e9b45889a181bad9e55bf607e41dbc7eda9107aeb9553f99bf3dd16863a66568a0b442d31a8c67c956a7969b329c90341453a914926a0a6f141180fd5456a5005c83a4bc525b9834eb0cc140329072d,94e57142bb61eb275e5f7085e3959e215bb7bb615815c457f61c5f016a18e443,af64c960da931160a4f5c1ac86c64114b8b40923ff4295e906be5d6b0515b97f
jazlyn,1b7e535d-82b4-483a-bea6-638e2c632086,02697adcbdb8f640a7afa914ffe31fdccd897f70260bf0159123af01ef3f4e4698c57bd2b0a2d9a131b7137d94f0b9702004e0b5bbeabb213299c861f33250d5b802d0969c5b4b2ea2b117fcad69b4d3b03097ac06f14814533626c3da4613a90fc2,79fac9bd18c64c61da781aa335b74cc6bdb0dfc4432e0b20763ef6883dc1f60a,6f4b09e5beff453e0545621ae679a073dceb22877d48c88c12630249a4751bd2
deanna,3441d0a3-8b0c-4f92-be9d-7ed1d17921e8,0220aa7c9e96a13f989882d5fc1381329ffe861ad57e7359ea7d6cc810404c677852508a412763879a27eae6780634f2dd1733408269ce8d41bb14667aa4469dcd0279a48eb9acc0a92196d5161e42a5a16e508af1f02e12e18cdcef2dd6591ed989,7f08b10759bb50f414aa6b91ce51d7b17ee02885f8c3e762a5744648b004e139,5e75193ad55e10366d651934fde5817a58cd5f2f7e61631b5434581d9f3ad5c9
vince,256a5708-311f-4841-9fd0-161a583ea6f2,039a0754d254bb95eef96afbfdf416ed790829ec936856c26eb4bc796df3b4d6d3d9b9d16df8a641b8f748ef7ed300889766a10a463bd7b66649de375113d15dad035bf56bf2c0318597ea264543880087654d4505562cbed6c2931940fe7b3321db,92beb9093752de269913ccbacc423bc52a8461fc73d896b90baec9aa0ddc6f30,3e8d10d2c8fd68460e4a1b9b77912bf2639d9a62756964b6108a9cee09705685
jess,4d66536f-a380-4bc4-b9b3-1f4974a171c7,02936601c8cb531cf5735fb36eb09957c5262f93d9769e08bd7ad98b6bafdfc6d1f62a9e5a9b64f0ffce9fbb86c96bb0f6005c26f0624e0a59df01d4dcaa5696f0030405f092cb29535087d1e9a2b66104f5f773d101f1f83045b337617eccc5ed44,5809c5555379272d610529b103c14f04c639bda4afe9b38376f019d6499ca242,46cec4a18c9c9adca8d9811ec819c4248efc9ccd0e11a7c43a6d22b4a68ca38a
verda,d80f397c-5a6e-4b4a-95f7-54f3ac21b193,037d865d498030901d58ccc4a3d96ba9f95b0f40af91553163ded78db0149b1b0a7fb2869b69a7457047133fb6061982587956363a1c90f42f995351185da30c4b02f83514044e0640d926159f9c5ea155018795816ee3fc6cf250b40fac7fb26006,89c85482c6eace0e4fdc7103c372d3ce144c132e3528cd6ec26dc3b317f84a67,cf1da16d44ec97aec1dba2a3339a941ff02e7dc793839f14f70b3bd342d1ed04
trace,497e3ab6-c6a2-4518-b80c-eb75be1845ce,0219ac2206f3781011b04ae54bb5d2bc3d22306748255c59daf2c58babd80f4e6ce9f4458f257a4e30289bcd1fb520d900fb7c83871db2bb4a156e63feee9f660002552132ebf7dbc2bcc44f9189003d3092dd7db5c879e219264a61f2f58b0f8627,0d14e085c82647062a22fe3d98996303dc420a2861f6f498a03cc2f34a97b9c6,36b2764bc0e99e186697334535bbcd97a7f68eaa18fc5e46615296b391915873
tyshawn,81fe229f-f5d9-4ebf-856d-ef96d4813995,0254c44c799af1c0e6cc5ba33dbdbd4cd70de89c2221274555ca7ac13fb5f965a2d855711a7855770ebb46bef1d1cdb91280ec6ec4f2d070d700d24ef7e9e99f4002835bfb0f8ea1de70a3cbc68869424f7f662caaf92b1e705c347a300060234374,6e921bff2ac87d5acfc2530dda05e88001ea21c2d3eca6774b7ef2cb22926a13,50828a903788828359806abfa68f5dd560fdb310ee25960691c3d19183059a36
alanna,a33974c6-565b-406e-8e5f-4965d5567a00,0253411e6c0593a36d3ffb100ade43f9fca3344a1c99f8395727f50287140d2c833db154895d1b3661a8155d8f799834fccd006456b3edc8736ab9382c7169cebc03c01279188aa08ac60936df17de6ffbc7ff0345cf1fd8f30daf05873c8730ecb8,e323144d2827bf6fd05e5570f12bf7cf081f431113df65fe741bf06446f8f786,ec25bf42e4096d43f8dcdb1c0e53aa5bda00d45f44b0d005c7ccccf7f2898e08
bryon,4ce8c511-5e2a-43bc-b644-12ac4e6992b6,0397922070995b4de5b6e7dfcc1afca3c75c9c2c090e4aa5fbfeca6d291d3f30dd941dc995690c6ad8526f6d52a7e404c79594c452ac11229c1c1eecafeeb1fd06033ffa7c90e8ce3b2a45f7b571a36e4d1321076600a313cfa0a93deb4ace2f21b7,4effe36107ba6d473ea8651492aed8be3a9e66da3c9d1ff66b73a3b363381e11,f36ea6eba782f0be774584c4c97e772159f9b58b38a9f7a8390ef84646eb092e
jeffry,893aed6f-6489-4c12-8f19-f97007251cd0,0338319cc4c787a4bba7c85da63393941c225f8fa4828ffa1f2ac1b8f42f6b6019a50615680132483a2f6ee3938ae553427f1c32269827662e1d0505d2782891c5027df95c3c49ea78ba7bb48b59206f19b6ab0cf13d4a13acda607d2e52245e0a31,d4fb0c106193989d3830149b3e7279d644e4e2b7ad9c4c25aa2b971870c80f0d,33c7b1313af2f9a2e1813275834aa84bee59e0250fbe4f2b5d97b677828642d7
lucienne,80609d6a-7372-4380-b8bf-b58d02d45a91,024003cc06a4614d1afe87745deefe5523854b8977809cf425ed1df9a734868245c903b51a44a5cd51a9fe35d3397c567317369b38499eb26c5075c16cd94aaf29030b9e6c172924a8d2817434fb9455adc93a34bb5def441d1e1968736cb7bdb991,67b35216f744af17a233a0329fd583488e5eb339c748c666e950bcecd3ebb639,b828feeeca48d73a4141f71fc0184c2b3b97587ea8fee9bd0d6a2c66bce9c151
anahi,93a3da98-db3d-4285-8441-54d91aef8f37,03d26ecf377525de2b2bf28e2e2a2d3181e5d5982609fdee92e8212bf9b980286b920a6d7ce02004d7dab5cf889d8fd0183be409c4d1c93efe6bcaa083987dd34f02916dfe8ce8e7db19024cfc842416f2fd7f713349e8859e4b98fa85d4bfc2595c,6c2db4ce36fcf74bb1d67c23bdc1a21c3eb8f7f01f600ac74651d0f5ec90832b,79694a71e7180358d1299bd6f40d43d66cced4d6d370e5f375a5aa4dce68451d
cyril,557c05dc-403c-44d5-a461-9b17ae2973fb,034e676d06d994797b68af2ae2f7aba6514717df6cf33049b495d1d7f071d1e487a68c39c824506ce4170b178ed7888429466525c01d7fd67c83d70b33afa7bcf802fde34801761ab49c9325d7181fa0d1c08dca938a7653e513fee19c0a95dfb692,dc7defc397eb2337ac5aaaf46c0eb17c9dd7d357c4ca9329b11fbb80cee2a521,587fbeca93256300503e5e0013e1ff70890e81744803fffbc39eddd5db0071e5
jailyn,72c56f90-40e3-4fd9-8a43-0157bd7b67ef,034390fb413c5caa4605724bf850df61246ea8592b7613d06c1791aacd9dd484c0019ec0c1dfa7ce9177914d56f89f852bd60624b007e3803934b39b70997ece9f025952f88922fa8670343a30895e597c4a630d308bfca5e01c2d78931d4ef634b4,603d9b548d2fbd4d864f9281b84c07df09e7a16ddddb842f52266b673fdd4a82,58a3da5881e2c490695172fd0b949ccc9724c7261ff772be1c10f95e7296f34a
general,630e99b6-96c3-4c92-825b-254963f214a0,02d943ab7fe8bc09fcd8734d84f1f3e80af0dbcee6d9fa29daa5e8e677551b04bf972d54228455d93bf8524db788d78f0a3d5caf609464bbcc3ce7e4765e24f55002ad549c33e0b82d42cd0a52bfac22c0e4e9d851583b03f0feb7f75d783468a650,e5cf44a338776a727ee0c333553bdcfd9b394db8c3a614c65dfe41ba7888e4bb,41d6c3af1892a8ea6b0895f0fd322007ca1a4338c358ed7be45ec02127f132c7
alysson,adf54cfd-7edc-4db1-9e9e-528d17402c7a,0371f2927fa593bc60c52812b7391fd50b40683f386e31d034b6403ec1d342d5c22ee3e16b65eed8006a4f35cb12a757022c91bf954e48ef203f5394e8c6ba1554038490b68726643726d77a2522aa029d37e196d12dcb31990dbafb0fcb7b041e56,3434345f9d724f0ce6ab2fbf219ff2c5ba9be47773dfebf45e159debaf5fe3b7,91bc2a76321903fada8785fc3e68d1c54c80cd4dc3bc30c4031f2a1eb418866f
dora,f42fe182-fa2b-4227-851e-b5f06f1355de,03bc4383b017d8bc51c5f642bd8253eebca973ea9b450fd941dc3f2397f34ec14d9de8bda22176fb9cb995ef7f1901537275cdaef7b5f36ddb443cad5d68a27b13030bd5f03e545a31bb643e22b7ff13923d9774fc3ae3a81439c5cf06f512e05e14,063f02b7293cd362070c3bef23825405a76fe05185af8dd9397e19be9ec8219c,2839acb0ed114827a56459722180e54198199a926a5c9bc98fbb5ba6427e902a
katlynn,3fced8a9-63ca-4ed9-be96-2148ef168f30,03d0a218b3744e49514425d31bddd4444522b5d26a66af551b4789616fdc5922c3cd0aac0830ab7ad09dc17a1e8213d1f5bc81e8c2054a3769e0f8dccf759ed44a03f0faa421ef57e4da953de42f148a5552b0a633af6571565b393cbc1108e047dc,b1e65c2c477578c472143acf40cbf4db1777d3ed69a01049dc8368dacda315d5,c7323d7d31e8917381102be8232f41c8888d6d184774762ca1c83afe0a9030a3
amara,69bc8582-f906-4033-96c5-b6938f9814a4,0384210615ee02ab62ef35346c7cac9f524e33c4c5aaf6a67721241b744187619f5dd649454e785b00a6a58a96c294b474f6824ac607fc9392935348a043684e600362ac007da8a757fe5505ead84b810f3c4c23f0fb4ef7e133929a158b67fa68b9,635ceee6baf6edbdfd704f0f8798baebdb14e5f4785a937c7f4921e3e2173472,8e127ec5f6c692bd47159f2e97fb0023370adeb027afdae8da4af11ac8b05b76
ed,6ac713ec-cf80-4648-a6a8-b5ea2db63ebe,02375199581576c1da25aff18a65d1488be3cb3a1fac7b537283d48a32184c6bc92b2fcc394526ac29f54955a9801346e4dbffbd085156667e7d565620cea05e0403b4e2c4f5d7b74061120c5be520464e62fec1c9b9042ed8b5c0458b686fdfe30f,7113979f3e8987bd359b461e363ba710c960a559495be953b1313042b54ad15f,6f129d215aae3e17d24f9f1c5ab3adfa60074ebe53eb38d8feba2992eb6a8168
yazmin,50ccf812-7f90-4743-b494-9ea2ec1f6010,038bd2ff3e1be783ed8ba545429865936954b9a6de55aff6ff5a64c195950b84d5d51591c30fcb63ffe9d4dc5fc652ebd52241867c998d305fd33c4934f93b5002036b0845731f003986f1bd47d972790d162a0902611679ab6f243cf8e3d93bb09b,c1effad7daaae342a217b8f754449d269b10402fc598a8fcb36af9f4e6ea7fcd,a425416f5b766cd132ad2ebb7f3eb1cadeda239c59ba7ad38fbf6d522ab0499e
nigel,6e1e94c1-e90c-4f09-8bc6-d871545a221f,03ad4d76c3e41e6fea1dd80073bdd9f90b8d03765818cfccc5790eb67ef0fb5079f1e9b88cf06733d76a4fc97ffd68a8bc850b3fc5861ea3c8a37257a27b02efde024f62433eccc4fdc0f44b08af6e8d3932121cebd1fa66987c0feb31fb4fcf609e,16af3f9d6e8392688adf83f1fcf08f78c412caa348ac4903779eeae732a0c990,d0d38832622371c04efc20a8db479bdcfbb71139d7fa85dcafb2e35b50bb8ac0
cletus,a1e83477-0ace-49eb-91c7-2417e490d90e,033ea3a7196465200273c3de2cfa8e2b85138e78329ae3e2d6a53e5eb8bed4b94aacf74a61c806367e03db35917e38fd3c1052f0f89f8b51d692d06b105dd5d9a502c5f44b76717ea0ddfa1ba1d7c0a9f6c7a162c0ac0cd90f38abdc5c51d3f60b68,e3d5a6d1cc255b41e77f9a63c6dd1db67983401f3daf40a1e6272b7c924cd2bb,b2b45aa3c7514be246f66cbf7f93bc6ad0bfd362e5cf88f73798413ffa65e048
barton,4e3f2b5a-a799-4bbf-8309-5435fd80b8bd,02fe3a559a0d0b136ddad1595316f1e7336b537e5a15f164bccb4a83cb5accba4e4f897462c125024cab26c5a4e80cbd4a379f98cb9ab3da01206edfb5672c10d902c08c0f9651c57ca8f9ff8d4a29e6722452f37ffc0bf2a6aa8825086ddaec354b,ad5a2e08af217d30ed41c286fd6cc1e757bf1a213ba899dae0d9528a826b8b19,8b3a08b478f02512adb2fa0968da3d7e0e35b87510a7758e9bd7b244048c8081
lila,939b50a9-32f5-4c54-ba6a-7ee12ac18a11,03df10e7fee597526b1dfe2b35713f6ab9b4a8cdc8f06f6b46c8f6deaf08c65b9d48899e843eae93eef1f43c1a91a18532e10971cd9a987bff61125f92daaf8de302eb312cf6ebd63da45a85872649240f2b43bcee87c87d7e460a5997a7c2664630,f76628460b29c694ca129874ac070e29dfef619bb37fa030429163b48d5f31ac,a493690286ea9628af3f618c4688a58c63805a805f5a5089a9509987d47367c4
junius,c797f69d-bd5e-4f35-b36f-87c741a45f6f,03960c6b955a9290d1987530cac4bd302102f8c7093a0ecd04f117356bb6b84b4f7ddd78064a28b6e3e8c309a3271129ce72da384fc9590a1b91c0e87c2c3e144203c55e0290f3af068bf4ce23106fd411496e87d0cf5784018c9c331f790169573a,f21e37242d5ff1978b6453ee86f268b6a230e1a4d011756e8e3f0105ba2a12b2,ab231e2dc588ca1af677636e072c0ff38fc4a676a4f7a79639d8675cd9bd42ca
aletha,58ecc98c-32b1-4bc2-b5dd-cbafff636502,03211744f7aa24f1b6bf48ace9b5c5fb45fc2810b2ea90734321117b5c7239650f35be3a86fb0bc86ec6507eaf25a0a93c6866f87082b6827b9e7c4053380ec18303e961e1162e90cdc2f5c66fd766f2135f2825b2e331de0e853ff2fbc5e6b233a3,5c871f272c866d14295d0d56031d1af14d01d5616e6f9d089326950a038fad43,fdea7f6525b5eea4afdeb6b5a11930b9530096f6e584c8773d263dd56bd545c1
mallory,2cd0f22b-3c82-40bc-bcc7-2ba2c3a64831,038b542c081d95be0d8a805402623673703bed6254d0f507d22abbcc319712451141b9ecd4796e0bf71959670b176960cc85200cb9d23457c8afea881ba3b0003f03baeeb16d4f5ff72c5ff5f06df812f5d32cc759daed2d85ac6c61ab31373dc5e3,72a5f1716f16c6481fd63c4981aaddba029faea451f0007cbb7d480a83359b5d,330baec220ca755cc26f7f4b54c2a67975e830a5d9a3bdb19476d69e7f8c17da
lelah,afafefed-d5ca-4b37-acc1-179992a9f41b,026e972cb89db40da262527863bbe1b893dc733c7effd7358ff263d55bb21f1b23a5547a7013bc50f9393dba262f185686d29fe5ed15ab5e0938eb4c751d3548f3035e518a820a625b7b4ff641378a17e0892cd2044efb5f7ce471dd7be636793f03,95196753f91e0125ea0b007a1a499e37762f8e8e610a26cd7b12f80cea239e4c,6fe39928a3ed41e59278e714d9421958a8065fdc701ffed2541a3e44f08aa70b
jeanne,83a65d87-a121-4adc-b2bc-9f432fdd0d89,032805b304ba7dc9177afe5b47e45c152b89471ef5c9e7f695233692bcc4028de63ee67ceebd25ea7277a9cfc55498fbaa93db9f5f2526872da7f853a42f2469a4036602e52760c99e6d53eb181713317e7c5afb799d11bd8aac43a726aa9a5f234d,3f84bd619bbad4aaa387e93a85b094b96b1baee935bc7aff7bc5cd9e61f2c63f,190c012534668d8b0c9f25d7692fe720585f607bca0d9d006dd83167c9fa24d7
alicia,0bb913ed-970e-4155-9bbd-0bce3cc5bcf4,02ccc122aa226e1686df65d3fe3e8d6586f7df83dd3a24325f0814c0de293ed8a9540ace8acedaf9a485fae56f812e545f3326f56dc00e18c20ea9a87f532bfc6c03230704003040d5894956facff1160514ce799e8c66a504724c96c2455560e6d2,1d0d4d06569431de6e27d1fb5a7a52f5551a1f4909477a5160d7bd51f5707c2a,218cb86a66550c37fde331aea51574980b16bf3dfd6eaf8600d6ca26810a7c90
arlie,419c1bcb-a74f-4a11-8365-a87acbe45005,0272df21ebfcdaf1c5e7c17004e7b254943bd85b33afda668cf9fdb67c6e6902de6435fe4409ae113267c3f39bc36cf84cb1f9a326c6c97be80d41fdeedcccf3000328e866c3b0c0336d9a56ce104914f5127b19a875a07ab6673b8c6055f7cc390b,a295811841583080c10e1f399f6d14c080d649a967b140413f3bf2c30542e81a,67d867b23e87fdb047081d72abc3025f7722020e45c26d5cbca951606b736a3d
otho,fe6e6ac3-dbe5-4704-9fd1-2a2b3ccbb394,0266c8f80fd5980164dd7692f148ede0e6b2f52228a9a3232c4797003840c7f4b623c5af34967b9c39ebbb018a3ad7c5f4ca3aa3951efb1214f93f24e56f011fd7035a13f637c862e2cb8d5ebe45ad71373c68c0ea9ee2f04151a85cf0ef4084eab4,8ddc8c77295495342ac1845839cbadd435579c983cf56044f3af2e815eae6ecc,16312b4afc02f9551289ee081cf27049367777e41fe3f92f5cf95150d76cb2a2
dock,57ca1bfc-e33d-4efa-979e-6de131430529,03c5e63c9861e131d48d5b844a021c9e2d91ef385080ca21684575548b9292a9fabce87339ddd4759baa238036d7f0a732e0257f1e70a0a4ffb51c53b419d2c19602b2794cb5ffffc1e6b45e86bd10267e4b8bc0bdcc75b2e64aa85e19d6bba7d550,2be618067887094ae95f84b9613ebd36d5ca8dc9e8850357484e01bc1c55c434,6f101d502887cb779d4a0ce6f4c81508555a14d3399ddb991c5818dd3a912a4c
favian,67fd8340-c965-4423-a84b-0779d8dbc0b9,0347359c5f1b6cfb2ed8dc1cbeab7b927d43b01ac84155a890eb37686c7f146982a18844b238b2c4eedb87aa437678238587143cd9359e15ff41e386c3be5d419003cb3f1d1c2cc69bef9b944b3ba03596ed546bd58dc46fe2af68904a6a1274ff86,b3416c0c6d1980bfee2f9e860115138da848f7aaa1b4ff3e11461e3f66b4a826,42fb079f173022a726037b2eb39ff54b10a1026880578b475254f8a0cf54cc24
emilia,5ea6d596-7231-4892-9012-a68a80828016,02e0797cde18af423e9d85ec8e7b5d9989e235a647ddf781de78b8d246936d97a68c9259b2a61947a83eeeff174016c37e1763faea9399dd0b526e79a398ad2ff803b5d19f111dbddbf2c865d530e1907087fbc4b6e7ab916743926aa6f84b54fc8e,be7dfb1ff66b3877133054cadbbf8f4215d4da25f39a3b8c1beca3aff50a2ea4,021856b0bab53c955995ba24af23c54862f399a19c065b2262fa88811aa74064
roma,dd80fd79-870c-4257-9416-d8f969e48041,02fa6fff86f0938ea69b9fc5124cade20c85861cb0331cd55c50b293be634ffff2e9aadef03e2a435394cf6d1c2787fdff321368444208e4c890191c37de6da4bf03367df7171e05b9519d8a4dd6254036d17f660f354234c3fae955a91729635c7c,8c80d45625bf064eb0b9b00eb237912fca43b8e7d0bc60938d2ef81dd01f23c3,3738fe252aa389e5a06d1f6312c90477440971e70ea1861fa9818b19e13964cc
jessika,512c23f0-218b-48c1-8881-245ac85f4d27,039029cd834c509284f7bfd0c53fe000b9f80ec59b983ecc8cbf4d2ef0f64814eab47c3aeea9419dbc096f2ebd95cc6acf10a85dad3dfeb04c0cbd2e0f4ea1dbee03a0516afeccbb9e3608f0d27f98ddefda1d038d3eb0b32dfd86c383c2af32fc22,62b9b39eca02c8d9a3ec57ca30cd0d9138febd39ed581ec922a83b08aacfd9a3,282937f4f05211ee534b39323b57f192d597c743ae29aa189cc990a6faf21f06
douglas,996746e7-dfc1-42b9-836b-beeaa8801ce1,0321cc33267535a859b1ca02e9a04fde9de957a026f8b753e74b9ce3efc3b8d9d0130e29cfca2327e4411b6b54c3620388de647424cdafc5a7f648ea8c02304819024bf9114512f24ba29b090a2c2c1413213e424175e6ab4a883e6def2cdc1e6f63,0ca06a6f6e748652fac6e067863c92f2c5f05d3c50ea49befa6803a5927cde58,fb6e45e6e2a9822a216b337b3c6e7d5bdf7fb57ed390f049e4ba3a23fe129f33
elissa,be4f6c57-d96d-4b6f-867f-26f7fd358c79,03d1118b69e5d412791ae88a80e3b63e7e6912d1e7ffa723bb5cc25b6f174e0dc6504383b482a1875266b03750acaad8f7d0adc40be421273ec2413d783e4c593d033f32eea7c4010e9e0e8ce814d38c6e69cc64527d263da90a3a9cd4f9f6e2ecb7,42a7f302c019ff7c5f95b5fcbd9db37436954e5066a60f5acacbd03a26dc6f25,b6c74fc8c8badde1b25b1d21095535b87f5c7ca9b40ae7595d82f3bc9175368f
frida,a864d526-fc92-4681-94ff-47124fbeef44,03e84206bcf65cdb8663fafb0be6c3f3ebc36320210927dafa64283ef971972a9659b248cfe27d6bd30a98cea49aca789051390d7e91bd134746770934c2a27cba03ab04be8af845267ac88e274685d47b564171c129a7d934ffff11878b5e68f845,f350f984f1c6a716b50b6810dd3e4d6a0580f4850d1e3ca4a6bdfb9148aaf90a,99605bb52526ad9b6f8dd7d28e6427d36f627272dd9d237c4af82d696117373a
vanessa,dd48aa2b-7672-4153-a16b-6a275b6f87dd,025259c8493ed3697cea46f43b6b2f560b3fdf075500cb0971e2092a533200e09712b3201a6566b6f5c526fb8acd50d2d64f03e4a55ef5d75d782fde18a24669d303c8d687c1439d7f87cda989535e4c725bb24cc38adf1aab32ce93146e61e2b5a2,d75d2b4c42dd88995c75b1525255ffae643ff1aabe12ebb6b17883f6bdd81ab6,e23423d8aea647771a0bffb2bea2168009de44fc57e4fc85b07e7b3b24da7322
lula,e19f8f88-b858-42e8-b600-b6cf3c60ae1d,0219257b58503887319d0d442e910c6457e2adc6cd8865c111f1d93e01af1866c9d098b61a2c146a6d788e852fda9f41a1876ad7d87f71a6304658952dbd83e8c103e9d289b1907f85c7a5925872fa3fb2740fbe72943d052eace8f5953ea298854a,31158eb708ba5e92a8483eaabbf1d1d7297021518b6ee1486bf446c1c49019c5,0314a27c7af70dbd7279227f8cda79473562c7ca2addc5a57a30b02e8a1265d8
karina,74069499-b977-4f43-aecf-43539e84077b,03bf61c17c09440891a5bf04d996b42e8ad5b00fa81e054a0d06c6feab1f5361bebedf4348d03de6496c71d326ba431e8838c9dda789ae2403240a4898c28bdad902074bc4e54a3422eeb9c0a706ff71f507ca2972219cf237b6a2ebfa5799dec207,9627a3c545673dffb86cf2d4dd656597d62b26c9420f9b7aa9e1a4dda17e5683,4ae2edbf540bf0d18dbc5fbea525d28a25f497f77b4379c4e8097edc0b73f5f2
francisca,8ae05cc6-2b1f-4cac-ba1a-8f83b627fba6,03fa4311cd18de5cb33625e8d7697e935b0532eb79e28dd676233d3d7175571a5de4d7dd14d7ef91dff35b27ce5b70ef478e821b3e055355a63c98280fc83a53e303544ee5f9e63e5f8930cabf02aaf8a8e92b8eccd4af014d89f24fe324c4abbc02,eb49a067aa81c00c5f41b9058b0ef08359dd362ae7ee1ec9a610e6662a691e3a,a359333728c25c0d195b7c7310baaa432983408f837d78839c4247cf51a98491
larissa,6c18188b-268e-4875-8295-5474aba6e563,021415ee551116a33c11d6626a1bd18601a4956c5f8d9db2fa56608caf75f7e0beeffd2ef660d4ddea0b0b746d6fbbe2e715c3650baf0454ea44d7cfe3758b0dd6034a95f3f0f1231b79156f18ebfd9cd66d5549e40cba2ed66bcb779b690b0ce358,ed75d26396491fd693ab93dfff17a0cd8ae8d4cd46b428ce7fae2dfa0354fde9,f1c7b9d7796a5ef6cb29e3b213f3282826ea89c388407d5e26920263ad8289f9
trey,3e95002a-9d06-4d48-8989-a2d50eb2fdfe,029eb3b2daf387c776eab5cc8dcc4124bb6034a8f8fc808e420564933830fe468a772ca9720da56f8cd74eb543c017620b7f4ae06129fe4e5c1dca5c4e626205f00381be2ade4b87e6643707c1479e4fdbac23c00761bc5f0de54e405db657ad0d6f,5b4bce815bf5fa2b69ce0d718361ac2ac057c0b2d0a1267c486027485a610141,169746c951c8c9a2c7b0f2030044b72511db8a060a6f8a07a812587f3b80fec4
zella,683679f4-117f-4148-8e05-6b2ebf4cbf72,0380e3a7fefc8cd73d083b2b2eceaf69857c87f95124b8f4b276813790cbed5efc13b56d369c174c7b2e6cc0faf187f193bccb73a2b46f815a8f47378e500153ad024102dc3bb3e06244584efd22c1a3a237363a69c25934a278a76c4d7d9bfc9d07,8279d8f26bb9e8adbf846674aa932bd25304f4b12450b52b8c4d4c2f49fc0cae,a377d0bffac3657fdd72760184868de71e802515099fdd43847b8435f78f4175
murl,fcb67951-23a4-4600-9401-ac2cf6f231ae,02e9edad7aab75c1d3bb6c28479467e97c840fb512e6d50c062df8cdad7df4f3df99051ece685457f954e4ed19d69ec251fcee6660e2d46ce2810360d90df786fc029a466451cdbd21c97e97b4b6db92b3958dd92c20c514434d843b2954aa1140eb,b829d12abdda704c67b570d799ba956a9ad11fb80028d1016b1a5b183562ec24,82aabc3d3e92b31d525ea4a7c82ecfa8c0f4e26b2da192672c1f0a60ee062986
london,70b1bd9c-da86-4bc6-af79-4f52b8c2a833,0223970deda88cad059a78903a2062b86b07bd9ec2b47f5dc1abcabc0029ade262980f9a308873529d062ba6aa3970511d87c5b36c01bfac6010528c4ca7e3268603ef894e20d5c784ac98d3278e9adc8c5fbfed393dd87fccece9a7a3b14f940205,919e2c23d20a24b7cf72eada051a815404409b1cddafd7cbb869ba4c7a526b22,c6d0f11d080c0cdf4998b6a9d1a17222c6a4b4d8891c1bc92e1a71e58c9cedba
diana,1abe5c08-1374-4bbd-8086-14b5d6f7b6e7,03cfd88acf30139104e1270bf65be6a7b3d21be801995e7cbb204e4b412fee126071ffa276ef11fa9adae80a152f7675e9f5a8ddb41e9b35944835c830a8e64f8b02567e56a5bf3654c3f1a5f9172fe94322520cae82ce9165155529dc7056861dd8,b26a6c13cf3befe25aea9dcfa4ee054ec9767c8bb33596ad94615a2a8664a602,925eb0aa9870331cf1002840826c59be9d5837d8c68f7cf5f15b2f01a9ec2d96
dena,3e7c1de4-a409-46f2-982b-fdfb221408b3,021c28e378bfe7f05a07fd5eb29f8368dd618b2ac4f1557afc70752cbbe7d22171b467c7c95a5b14771414a795fd09961aeecb2b67982250a2c4ccf33c1fc2a79802be229abf2a1b20f424abdc72213a1663e1cf0d52bf3e9b227b8e3fce078e26c0,96e573b37e2ed4e668a55a88eb68c4c5d3f799063f1c4ff0704e6c14d4a9889a,fe4ac4f42cbda400a717dc2618ba5c29814acc8695cfe36035d96ebca0c697ac
